timestamp,value,anomaly_score,raw_score,label,S(t)_standard,S(t)_reward_low_FP_rate,S(t)_reward_low_FN_rate
2024-03-15 03:30:40.018598,226,0.030102999665900007,1.0,0,-0.11,-0.22,-0.11
2024-03-15 03:30:40.031043,177,0.030102999665900007,1.0,0,-0.11,-0.22,-0.11
2024-03-15 03:30:40.033408,645,1.0,1.0,0,-0.11,-0.22,-0.11
2024-03-15 03:30:40.033798,228,0.030102999665900007,1.0,0,-0.11,-0.22,-0.11
2024-03-15 03:30:40.036688,229,0.030102999665900007,0.524999976158,0,-0.11,-0.22,-0.11
2024-03-15 03:30:40.044000,178,0.030102999665900007,0.0750000029802,0,-0.11,-0.22,-0.11
2024-03-15 03:30:40.044205,230,0.030102999665900007,0.824999988079,0,-0.11,-0.22,-0.11
2024-03-15 03:30:40.044346,179,0.030102999665900007,0.0,0,-0.11,-0.22,-0.11
2024-03-15 03:30:40.044453,179,0.030102999665900007,0.324999988079,0,-0.11,-0.22,-0.11
2024-03-15 03:30:40.044530,181,0.030102999665900007,0.300000011921,0,-0.11,-0.22,-0.11
2024-03-15 03:30:40.054887,312,0.030102999665900007,0.5,0,-0.11,-0.22,-0.11
2024-03-15 03:30:40.087576,661,0.030102999665900007,1.0,0,-0.11,-0.22,-0.11
2024-03-15 03:30:40.088155,712,1.0,0.800000011921,0,-0.11,-0.22,-0.11
2024-03-15 03:30:40.097879,653,0.030102999665900007,1.0,0,-0.11,-0.22,-0.11
2024-03-15 03:30:40.134038,652,0.030102999665900007,0.40000000596,0,-0.11,-0.22,-0.11
2024-03-15 03:30:40.294851,313,0.030102999665900007,0.574999988079,0,-0.11,-0.22,-0.11
2024-03-15 03:30:40.294871,314,0.030102999665900007,0.774999976158,0,-0.11,-0.22,-0.11
2024-03-15 03:30:40.294873,314,0.030102999665900007,0.774999976158,0,-0.11,-0.22,-0.11
2024-03-15 03:30:40.326249,651,0.030102999665900007,0.17499999702,0,-0.11,-0.22,-0.11
2024-03-15 03:30:40.434094,654,0.030102999665900007,0.0,0,-0.11,-0.22,-0.11
2024-03-15 03:30:40.484958,130,1.0,0.40000000596,0,-0.11,-0.22,-0.11
2024-03-15 03:30:40.719775,655,0.030102999665900007,0.574999988079,0,-0.11,-0.22,-0.11
2024-03-15 03:30:40.739169,655,0.030102999665900007,0.0500000007451,0,-0.11,-0.22,-0.11
2024-03-15 03:30:40.750212,656,0.030102999665900007,0.0500000007451,0,-0.11,-0.22,-0.11
2024-03-15 03:30:43.272542,657,0.030102999665900007,0.0,0,-0.11,-0.22,-0.11
2024-03-15 03:30:43.272898,657,0.030102999665900007,0.0,0,-0.11,-0.22,-0.11
2024-03-15 03:30:43.273058,657,0.030102999665900007,0.0,0,-0.11,-0.22,-0.11
2024-03-15 03:30:43.273191,657,0.030102999665900007,0.0,0,-0.11,-0.22,-0.11
2024-03-15 03:30:43.273385,657,0.030102999665900007,0.0,0,-0.11,-0.22,-0.11
2024-03-15 03:30:43.273584,657,0.030102999665900007,0.0,0,-0.11,-0.22,-0.11
2024-03-15 03:30:43.273829,657,0.030102999665900007,0.0,0,-0.11,-0.22,-0.11
2024-03-15 03:30:43.974651,658,0.030102999665900007,0.0,0,-0.11,-0.22,-0.11
2024-03-15 03:30:45.174825,660,0.030102999665900007,0.0,0,-0.11,-0.22,-0.11
2024-03-15 03:30:45.614815,676,0.030102999665900007,0.0250000003725,0,-0.11,-0.22,-0.11
2024-03-15 03:30:48.662317,659,0.030102999665900007,0.0,0,-0.11,-0.22,-0.11
2024-03-15 03:30:49.033755,185,0.030102999665900007,0.324999988079,0,-0.11,-0.22,-0.11
2024-03-15 03:30:49.034020,185,0.030102999665900007,0.125,0,-0.11,-0.22,-0.11
2024-03-15 03:30:49.172932,186,0.030102999665900007,0.0,0,-0.11,-0.22,-0.11
2024-03-15 03:30:49.198828,660,0.030102999665900007,0.0250000003725,0,-0.11,-0.22,-0.11
2024-03-15 03:30:49.206741,661,0.030102999665900007,0.0,0,-0.11,-0.22,-0.11
2024-03-15 03:30:49.251585,187,0.030102999665900007,0.300000011921,0,-0.11,-0.22,-0.11
2024-03-15 03:30:49.290725,323,0.030102999665900007,0.0750000029802,0,-0.11,-0.22,-0.11
2024-03-15 03:30:49.336410,215,0.030102999665900007,0.25,0,-0.11,-0.22,-0.11
2024-03-15 03:30:49.339094,131,0.030102999665900007,0.0250000003725,0,-0.11,-0.22,-0.11
2024-03-15 03:30:49.339298,259,0.030102999665900007,0.0500000007451,0,-0.11,-0.22,-0.11
2024-03-15 03:30:49.348948,206,0.030102999665900007,0.15000000596,0,-0.11,-0.22,-0.11
2024-03-15 03:30:49.455722,132,0.030102999665900007,0.0,0,-0.11,-0.22,-0.11
2024-03-15 03:30:49.455950,207,0.030102999665900007,0.0250000003725,0,-0.11,-0.22,-0.11
2024-03-15 03:30:49.526151,260,0.030102999665900007,0.0,0,-0.11,-0.22,-0.11
2024-03-15 03:30:49.528720,662,0.030102999665900007,0.375,0,-0.11,-0.22,-0.11
2024-03-15 03:30:49.528863,265,0.030102999665900007,0.20000000298,0,-0.11,-0.22,-0.11
2024-03-15 03:30:49.693258,297,0.030102999665900007,0.574999988079,0,-0.11,-0.22,-0.11
2024-03-15 03:30:49.693437,298,0.030102999665900007,0.0500000007451,0,-0.11,-0.22,-0.11
2024-03-15 03:30:49.697804,299,0.030102999665900007,0.0250000003725,0,-0.11,-0.22,-0.11
2024-03-15 03:30:49.807557,300,0.030102999665900007,0.0,0,-0.11,-0.22,-0.11
2024-03-15 03:30:49.814455,301,0.030102999665900007,0.0,0,-0.11,-0.22,-0.11
2024-03-15 03:30:49.815798,302,0.030102999665900007,0.0,0,-0.11,-0.22,-0.11
2024-03-15 03:30:49.816709,661,0.030102999665900007,0.0,0,-0.11,-0.22,-0.11
2024-03-15 03:30:49.816884,663,0.030102999665900007,0.0,0,-0.11,-0.22,-0.11
2024-03-15 03:30:49.817124,664,0.030102999665900007,0.0,0,-0.11,-0.22,-0.11
2024-03-15 03:30:49.956410,665,0.030102999665900007,0.0500000007451,0,-0.11,-0.22,-0.11
2024-03-15 03:30:50.088883,666,0.030102999665900007,0.0500000007451,0,-0.11,-0.22,-0.11
2024-03-15 03:30:50.089449,261,0.030102999665900007,0.5,0,-0.11,-0.22,-0.11
2024-03-15 03:30:50.089581,245,0.030102999665900007,0.17499999702,0,-0.11,-0.22,-0.11
2024-03-15 03:30:50.089693,245,0.030102999665900007,0.0250000003725,0,-0.11,-0.22,-0.11
2024-03-15 03:30:50.092234,667,0.030102999665900007,0.25,0,-0.11,-0.22,-0.11
2024-03-15 03:30:50.094179,668,0.030102999665900007,0.0,0,-0.11,-0.22,-0.11
2024-03-15 03:30:50.102471,661,0.030102999665900007,0.0,0,-0.11,-0.22,-0.11
2024-03-15 03:30:50.102936,669,0.030102999665900007,0.0,0,-0.11,-0.22,-0.11
2024-03-15 03:30:50.524776,665,0.030102999665900007,0.0,0,-0.11,-0.22,-0.11
2024-03-15 03:30:50.643848,670,0.030102999665900007,0.0,0,-0.11,-0.22,-0.11
2024-03-15 03:30:50.644598,671,0.030102999665900007,0.0,0,-0.11,-0.22,-0.11
2024-03-15 03:30:50.711299,672,0.030102999665900007,0.0,0,-0.11,-0.22,-0.11
2024-03-15 03:30:50.711972,245,0.030102999665900007,0.449999988079,0,-0.11,-0.22,-0.11
2024-03-15 03:30:50.712094,673,0.030102999665900007,0.25,0,-0.11,-0.22,-0.11
2024-03-15 03:30:55.620826,677,0.030102999665900007,0.0,0,-0.11,-0.22,-0.11
2024-03-15 03:31:19.484854,661,0.030102999665900007,0.0,0,-0.11,-0.22,-0.11
2024-03-15 03:32:23.809946,384,0.030102999665900007,0.524999976158,0,-0.11,-0.22,-0.11
2024-03-15 03:32:23.810474,463,0.030102999665900007,0.975000023842,0,-0.11,-0.22,-0.11
2024-03-15 03:32:24.383659,587,0.030102999665900007,0.0,0,-0.11,-0.22,-0.11
2024-03-15 03:32:34.421195,588,0.030102999665900007,0.0500000007451,0,-0.11,-0.22,-0.11
2024-03-15 03:32:34.421779,589,0.030102999665900007,0.0250000003725,0,-0.11,-0.22,-0.11
2024-03-15 03:32:34.422132,590,0.030102999665900007,0.0750000029802,0,-0.11,-0.22,-0.11
2024-03-15 03:33:45.617727,674,0.030102999665900007,0.0,0,-0.11,-0.22,-0.11
2024-03-15 03:33:45.918692,661,0.030102999665900007,0.0,0,-0.11,-0.22,-0.11
2024-03-15 03:33:45.919480,675,0.030102999665900007,0.0,0,-0.11,-0.22,-0.11
2024-03-15 03:34:02.719995,384,0.030102999665900007,0.5,0,-0.11,-0.22,-0.11
2024-03-15 03:34:02.720283,463,0.030102999665900007,0.574999988079,0,-0.11,-0.22,-0.11
2024-03-15 03:34:03.297261,587,0.030102999665900007,0.0,0,-0.11,-0.22,-0.11
2024-03-15 03:34:13.315450,588,0.030102999665900007,0.0,0,-0.11,-0.22,-0.11
2024-03-15 03:34:13.316029,589,0.030102999665900007,0.0,0,-0.11,-0.22,-0.11
2024-03-15 03:34:13.316158,590,0.030102999665900007,0.0,0,-0.11,-0.22,-0.11
2024-03-15 03:35:29.621487,384,0.030102999665900007,0.425000011921,0,-0.11,-0.22,-0.11
2024-03-15 03:35:29.621972,463,0.030102999665900007,0.850000023842,0,-0.11,-0.22,-0.11
2024-03-15 03:35:30.200827,587,0.030102999665900007,0.0,0,-0.11,-0.22,-0.11
2024-03-15 03:35:40.219272,588,0.030102999665900007,0.0,0,-0.11,-0.22,-0.11
2024-03-15 03:35:40.219714,589,0.030102999665900007,0.0,0,-0.11,-0.22,-0.11
2024-03-15 03:35:40.219879,590,0.030102999665900007,0.0,0,-0.11,-0.22,-0.11
2024-03-15 03:36:32.462968,384,0.030102999665900007,0.0,0,-0.11,-0.22,-0.11
2024-03-15 03:36:32.463306,463,0.030102999665900007,0.0250000003725,0,-0.11,-0.22,-0.11
2024-03-15 03:36:33.048931,89,1.0,0.5,0,-0.11,-0.22,-0.11
2024-03-15 03:36:33.048941,440,0.030102999665900007,0.324999988079,0,-0.11,-0.22,-0.11
2024-03-15 03:36:33.048951,439,0.030102999665900007,0.800000011921,0,-0.11,-0.22,-0.11
2024-03-15 03:36:33.048961,195,0.030102999665900007,0.10000000149,0,-0.11,-0.22,-0.11
2024-03-15 03:36:33.048971,438,0.030102999665900007,0.34999999404,0,-0.11,-0.22,-0.11
2024-03-15 03:36:33.048981,431,0.030102999665900007,0.649999976158,0,-0.11,-0.22,-0.11
2024-03-15 03:36:33.048991,432,0.030102999665900007,0.0250000003725,0,-0.11,-0.22,-0.11
2024-03-15 03:36:33.049001,433,0.030102999665900007,0.0,0,-0.11,-0.22,-0.11
2024-03-15 03:36:33.049011,434,0.030102999665900007,0.0,0,-0.11,-0.22,-0.11
2024-03-15 03:36:33.049021,435,0.030102999665900007,0.0,0,-0.11,-0.22,-0.11
2024-03-15 03:36:33.049031,435,0.030102999665900007,0.0,0,-0.11,-0.22,-0.11
2024-03-15 03:36:33.049041,436,0.030102999665900007,0.0,0,-0.11,-0.22,-0.11
2024-03-15 03:36:33.049051,256,0.030102999665900007,0.15000000596,0,-0.11,-0.22,-0.11
2024-03-15 03:36:33.049061,437,0.030102999665900007,0.0250000003725,0,-0.11,-0.22,-0.11
2024-03-15 03:36:33.049071,272,0.030102999665900007,0.300000011921,0,-0.11,-0.22,-0.11
2024-03-15 03:36:33.049081,442,0.030102999665900007,0.0,0,-0.11,-0.22,-0.11
2024-03-15 03:36:33.049091,435,0.030102999665900007,0.0,0,-0.11,-0.22,-0.11
2024-03-15 03:36:33.049101,245,0.030102999665900007,0.0,0,-0.11,-0.22,-0.11
2024-03-15 03:36:33.049111,443,0.030102999665900007,0.0,0,-0.11,-0.22,-0.11
2024-03-15 03:36:33.049121,444,0.030102999665900007,0.0500000007451,0,-0.11,-0.22,-0.11
2024-03-15 03:36:33.049131,445,0.030102999665900007,0.0500000007451,0,-0.11,-0.22,-0.11
2024-03-15 03:36:33.049141,257,0.030102999665900007,0.324999988079,0,-0.11,-0.22,-0.11
2024-03-15 03:36:33.049151,273,0.030102999665900007,0.0,0,-0.11,-0.22,-0.11
2024-03-15 03:36:33.049161,196,0.030102999665900007,0.0,0,-0.11,-0.22,-0.11
2024-03-15 03:36:33.049171,274,0.030102999665900007,0.0500000007451,0,-0.11,-0.22,-0.11
2024-03-15 03:36:33.049181,212,0.030102999665900007,0.0250000003725,0,-0.11,-0.22,-0.11
2024-03-15 03:36:33.049191,456,0.030102999665900007,0.0500000007451,0,-0.11,-0.22,-0.11
2024-03-15 03:36:33.049201,257,0.030102999665900007,0.27500000596,0,-0.11,-0.22,-0.11
2024-03-15 03:36:33.049211,257,0.030102999665900007,0.0250000003725,0,-0.11,-0.22,-0.11
2024-03-15 03:36:33.049221,457,0.030102999665900007,0.25,0,-0.11,-0.22,-0.11
2024-03-15 03:36:33.049231,458,0.030102999665900007,0.0500000007451,0,-0.11,-0.22,-0.11
2024-03-15 03:36:33.049241,450,0.030102999665900007,0.0500000007451,0,-0.11,-0.22,-0.11
2024-03-15 03:36:33.049251,455,0.030102999665900007,0.0500000007451,0,-0.11,-0.22,-0.11
2024-03-15 03:36:33.049261,257,0.030102999665900007,0.0500000007451,0,-0.11,-0.22,-0.11
2024-03-15 03:36:33.049271,257,0.030102999665900007,0.0250000003725,0,-0.11,-0.22,-0.11
2024-03-15 03:36:33.049281,352,0.030102999665900007,0.15000000596,0,-0.11,-0.22,-0.11
2024-03-15 03:36:33.049291,443,0.030102999665900007,0.0,0,-0.11,-0.22,-0.11
2024-03-15 03:36:33.049301,448,0.030102999665900007,0.0,0,-0.11,-0.22,-0.11
2024-03-15 03:36:33.049311,257,0.030102999665900007,0.0250000003725,0,-0.11,-0.22,-0.11
2024-03-15 03:36:33.049321,449,0.030102999665900007,0.0,0,-0.11,-0.22,-0.11
2024-03-15 03:36:33.049331,257,0.030102999665900007,0.0500000007451,0,-0.11,-0.22,-0.11
2024-03-15 03:36:33.049341,257,0.030102999665900007,0.0250000003725,0,-0.11,-0.22,-0.11
2024-03-15 03:36:33.049351,454,0.030102999665900007,0.0,0,-0.11,-0.22,-0.11
2024-03-15 03:36:33.049361,257,0.030102999665900007,0.0500000007451,0,-0.11,-0.22,-0.11
2024-03-15 03:36:33.049371,353,0.030102999665900007,0.0,0,-0.11,-0.22,-0.11
2024-03-15 03:36:33.049381,257,0.030102999665900007,0.0250000003725,0,-0.11,-0.22,-0.11
2024-03-15 03:36:33.049391,353,0.030102999665900007,0.0,0,-0.11,-0.22,-0.11
2024-03-15 03:36:33.049401,266,0.030102999665900007,0.0250000003725,0,-0.11,-0.22,-0.11
2024-03-15 03:36:33.049411,446,0.030102999665900007,0.0,0,-0.11,-0.22,-0.11
2024-03-15 03:36:33.049421,435,0.030102999665900007,0.0,0,-0.11,-0.22,-0.11
2024-03-15 03:36:33.049431,452,0.112241430553,0.0,0,-0.11,-0.22,-0.11
2024-03-15 03:36:33.049441,257,0.10714231351299999,0.0750000029802,0,-0.11,-0.22,-0.11
2024-03-15 03:36:33.049451,451,0.10714231351299999,0.0,0,-0.11,-0.22,-0.11
2024-03-15 03:36:33.049461,353,0.10967361606499999,0.0250000003725,0,-0.11,-0.22,-0.11
2024-03-15 03:36:33.049471,447,0.10967361606499999,0.0,0,-0.11,-0.22,-0.11
2024-03-15 03:36:33.049481,445,0.11224143035999999,0.0,0,-0.11,-0.22,-0.11
2024-03-15 03:36:33.049491,212,0.104647399676,0.0750000029802,0,-0.11,-0.22,-0.11
2024-03-15 03:36:33.049501,195,0.104647399676,0.0250000003725,0,-0.11,-0.22,-0.11
2024-03-15 03:36:33.049511,444,0.1021887494,0.0250000003725,0,-0.11,-0.22,-0.11
2024-03-15 03:36:33.049521,189,0.0973797231162,0.0500000007451,0,-0.11,-0.22,-0.11
2024-03-15 03:36:33.049531,443,0.0973797231162,0.0,0,-0.11,-0.22,-0.11
2024-03-15 03:36:33.049541,435,0.10464739985999999,0.0,0,-0.11,-0.22,-0.11
2024-03-15 03:36:33.049551,435,0.10464739985999999,0.0,0,-0.11,-0.22,-0.11
2024-03-15 03:36:33.049561,435,0.10714231351299999,0.0,0,-0.11,-0.22,-0.11
2024-03-15 03:36:33.049571,245,0.10464739985999999,0.0250000003725,0,-0.11,-0.22,-0.11
2024-03-15 03:36:33.049581,437,0.10464739985999999,0.0,0,-0.11,-0.22,-0.11
2024-03-15 03:36:33.049591,439,0.112241430553,0.0,0,-0.11,-0.22,-0.11
2024-03-15 03:36:33.049601,434,0.11484587681700001,0.0,0,-0.11,-0.22,-0.11
2024-03-15 03:36:33.049611,433,0.117487072705,0.0,0,-0.11,-0.22,-0.11
2024-03-15 03:36:33.049621,432,0.122880171493,0.0,0,-0.11,-0.22,-0.11
2024-03-15 03:36:33.049631,431,0.122880171493,0.0,0,-0.11,-0.22,-0.11
2024-03-15 03:36:33.049641,273,0.122880171493,0.0,0,-0.11,-0.22,-0.11
2024-03-15 03:36:33.049651,272,0.120165133365,0.0250000003725,0,-0.11,-0.22,-0.11
2024-03-15 03:36:33.049661,438,0.120165133365,0.0,0,-0.11,-0.22,-0.11
2024-03-15 03:36:33.049671,440,0.122880171493,0.0,0,-0.11,-0.22,-0.11
2024-03-15 03:36:33.049681,442,0.122880171493,0.0,0,-0.11,-0.22,-0.11
2024-03-15 03:36:33.049691,436,0.122880171493,0.0,0,-0.11,-0.22,-0.11
2024-03-15 03:36:33.049701,256,0.122880171493,0.0,0,-0.11,-0.22,-0.11
2024-03-15 03:36:33.049711,196,0.122880171493,0.0,0,-0.11,-0.22,-0.11
2024-03-15 03:36:33.049721,257,0.122880171493,0.0,0,-0.11,-0.22,-0.11
2024-03-15 03:36:33.049731,274,0.122880171493,0.0,0,-0.11,-0.22,-0.11
2024-03-15 03:36:33.049741,458,0.122880171493,0.0,0,-0.11,-0.22,-0.11
2024-03-15 03:36:33.049751,457,0.125632297385,0.0,0,-0.11,-0.22,-0.11
2024-03-15 03:36:33.049761,257,0.125632297385,0.0,0,-0.11,-0.22,-0.11
2024-03-15 03:36:33.049771,257,0.11748707250700001,0.0750000029802,0,-0.11,-0.22,-0.11
2024-03-15 03:36:33.049781,456,0.11748707250700001,0.0,0,-0.11,-0.22,-0.11
2024-03-15 03:36:33.049791,455,0.11748707250700001,0.0,0,-0.11,-0.22,-0.11
2024-03-15 03:36:33.049801,443,0.11748707250700001,0.0,0,-0.11,-0.22,-0.11
2024-03-15 03:36:33.049811,454,0.11748707250700001,0.0,0,-0.11,-0.22,-0.11
2024-03-15 03:36:33.049821,446,0.11748707250700001,0.0,0,-0.11,-0.22,-0.11
2024-03-15 03:36:33.049831,352,0.114845876622,0.0250000003725,0,-0.11,-0.22,-0.11
2024-03-15 03:36:33.049841,266,0.114845876622,0.0,0,-0.11,-0.22,-0.11
2024-03-15 03:36:33.049851,353,0.11224143035999999,0.0250000003725,0,-0.11,-0.22,-0.11
2024-03-15 03:36:33.049861,353,0.10967361606499999,0.0250000003725,0,-0.11,-0.22,-0.11
2024-03-15 03:36:33.049871,353,0.11484587681700001,0.0250000003725,0,-0.11,-0.22,-0.11
2024-03-15 03:36:33.049881,257,0.11484587681700001,0.0,0,-0.11,-0.22,-0.11
2024-03-15 03:36:33.049891,257,0.112241430553,0.0250000003725,0,-0.11,-0.22,-0.11
2024-03-15 03:36:33.049901,257,0.112241430553,0.0,0,-0.11,-0.22,-0.11
2024-03-15 03:36:33.049911,448,0.112241430553,0.0,0,-0.11,-0.22,-0.11
2024-03-15 03:36:33.049921,449,0.112241430553,0.0,0,-0.11,-0.22,-0.11
2024-03-15 03:36:33.049931,257,0.06966443161210001,0.0,0,-0.11,-0.22,-0.11
2024-03-15 03:36:33.049941,450,0.06966443161210001,0.0,0,-0.11,-0.22,-0.11
2024-03-15 03:36:33.049951,257,0.0714952712572,0.0,0,-0.11,-0.22,-0.11
2024-03-15 03:36:33.049961,451,0.07335663911510001,0.0,0,-0.11,-0.22,-0.11
2024-03-15 03:36:33.049971,257,0.07524868255139999,0.0,0,-0.11,-0.22,-0.11
2024-03-15 03:36:33.049981,452,0.07524868255139999,0.0,0,-0.11,-0.22,-0.11
2024-03-15 03:36:33.049991,435,0.077171545997,0.0,0,-0.11,-0.22,-0.11
2024-03-15 03:36:33.050001,257,0.077171545997,0.0,0,-0.11,-0.22,-0.11
2024-03-15 03:36:33.050011,257,0.077171545997,0.0,0,-0.11,-0.22,-0.11
2024-03-15 03:36:33.050021,447,0.077171545997,0.0,0,-0.11,-0.22,-0.11
2024-03-15 03:36:33.050031,192,0.077171545997,0.0,0,-0.11,-0.22,-0.11
2024-03-15 03:36:33.050041,287,0.0643535635896,0.17499999702,0,-0.11,-0.22,-0.11
2024-03-15 03:36:33.050051,193,0.059311851304699986,0.0750000029802,0,-0.11,-0.22,-0.11
2024-03-15 03:36:33.050061,192,0.059311851304699986,0.0,0,-0.11,-0.22,-0.11
2024-03-15 03:36:33.050071,193,0.059311851304699986,0.0,0,-0.11,-0.22,-0.11
2024-03-15 03:36:33.050081,287,0.059311851304699986,0.0,0,-0.11,-0.22,-0.11
2024-03-15 03:36:33.050091,445,0.059311851304699986,0.0,0,-0.11,-0.22,-0.11
2024-03-15 03:36:33.050101,440,0.059311851304699986,0.0,0,-0.11,-0.22,-0.11
2024-03-15 03:36:33.050111,257,0.059311851304699986,0.0,0,-0.11,-0.22,-0.11
2024-03-15 03:36:33.050121,212,0.059311851304699986,0.0,0,-0.11,-0.22,-0.11
2024-03-15 03:36:33.050131,444,0.0576903256384,0.0250000003725,0,-0.11,-0.22,-0.11
2024-03-15 03:36:33.050141,443,0.0678639696957,0.0250000003725,0,-0.11,-0.22,-0.11
2024-03-15 03:36:33.050151,245,0.0714952712572,0.0250000003725,0,-0.11,-0.22,-0.11
2024-03-15 03:36:33.050161,272,0.0714952712572,0.0,0,-0.11,-0.22,-0.11
2024-03-15 03:36:33.050171,435,0.0714952712572,0.0,0,-0.11,-0.22,-0.11
2024-03-15 03:36:33.050181,432,0.0714952712572,0.0,0,-0.11,-0.22,-0.11
2024-03-15 03:36:33.050191,433,0.0714952712572,0.0,0,-0.11,-0.22,-0.11
2024-03-15 03:36:33.050201,434,0.0714952712572,0.0,0,-0.11,-0.22,-0.11
2024-03-15 03:36:33.050211,435,0.0714952712572,0.0,0,-0.11,-0.22,-0.11
2024-03-15 03:36:33.050221,435,0.0714952712572,0.0,0,-0.11,-0.22,-0.11
2024-03-15 03:36:33.050231,436,0.07335663911510001,0.0,0,-0.11,-0.22,-0.11
2024-03-15 03:36:33.050241,256,0.07524868255139999,0.0,0,-0.11,-0.22,-0.11
2024-03-15 03:36:33.050251,437,0.077171545997,0.0,0,-0.11,-0.22,-0.11
2024-03-15 03:36:33.050261,438,0.077171545997,0.0,0,-0.11,-0.22,-0.11
2024-03-15 03:36:33.050271,439,0.077171545997,0.0,0,-0.11,-0.22,-0.11
2024-03-15 03:36:33.050281,431,0.077171545997,0.0,0,-0.11,-0.22,-0.11
2024-03-15 03:36:33.050291,273,0.077171545997,0.0,0,-0.11,-0.22,-0.11
2024-03-15 03:36:33.050301,189,0.077171545997,0.0,0,-0.11,-0.22,-0.11
2024-03-15 03:36:33.050311,442,0.077171545997,0.0,0,-0.11,-0.22,-0.11
2024-03-15 03:36:33.050321,274,0.077171545997,0.0,0,-0.11,-0.22,-0.11
2024-03-15 03:36:33.050331,196,0.07524868255139999,0.0250000003725,0,-0.11,-0.22,-0.11
2024-03-15 03:36:33.050341,195,0.07524868255139999,0.0,0,-0.11,-0.22,-0.11
2024-03-15 03:36:33.050351,458,0.07335663911510001,0.0250000003725,0,-0.11,-0.22,-0.11
2024-03-15 03:36:33.050361,457,0.0714952712572,0.0250000003725,0,-0.11,-0.22,-0.11
2024-03-15 03:36:33.050371,257,0.0714952712572,0.0,0,-0.11,-0.22,-0.11
2024-03-15 03:36:33.050381,456,0.0714952712572,0.0,0,-0.11,-0.22,-0.11
2024-03-15 03:36:33.050391,455,0.0714952712572,0.0,0,-0.11,-0.22,-0.11
2024-03-15 03:36:33.050401,257,0.0714952712572,0.0,0,-0.11,-0.22,-0.11
2024-03-15 03:36:33.050411,443,0.0714952712572,0.0,0,-0.11,-0.22,-0.11
2024-03-15 03:36:33.050421,454,0.0714952712572,0.0,0,-0.11,-0.22,-0.11
2024-03-15 03:36:33.050431,257,0.07335663911510001,0.0,0,-0.11,-0.22,-0.11
2024-03-15 03:36:33.050441,435,0.07335663911510001,0.0,0,-0.11,-0.22,-0.11
2024-03-15 03:36:33.050451,452,0.07524868255139999,0.0,0,-0.11,-0.22,-0.11
2024-03-15 03:36:33.050461,257,0.077171545997,0.0,0,-0.11,-0.22,-0.11
2024-03-15 03:36:33.050471,257,0.077171545997,0.0,0,-0.11,-0.22,-0.11
2024-03-15 03:36:33.050481,450,0.077171545997,0.0,0,-0.11,-0.22,-0.11
2024-03-15 03:36:33.050491,446,0.077171545997,0.0,0,-0.11,-0.22,-0.11
2024-03-15 03:36:33.050501,352,0.077171545997,0.0,0,-0.11,-0.22,-0.11
2024-03-15 03:36:33.050511,266,0.077171545997,0.0,0,-0.11,-0.22,-0.11
2024-03-15 03:36:33.050521,353,0.077171545997,0.0,0,-0.11,-0.22,-0.11
2024-03-15 03:36:33.050531,353,0.077171545997,0.0,0,-0.11,-0.22,-0.11
2024-03-15 03:36:33.050541,257,0.077171545997,0.0,0,-0.11,-0.22,-0.11
2024-03-15 03:36:33.050551,353,0.077171545997,0.0,0,-0.11,-0.22,-0.11
2024-03-15 03:36:33.050561,449,0.077171545997,0.0,0,-0.11,-0.22,-0.11
2024-03-15 03:36:33.050571,257,0.077171545997,0.0,0,-0.11,-0.22,-0.11
2024-03-15 03:36:33.050581,448,0.077171545997,0.0,0,-0.11,-0.22,-0.11
2024-03-15 03:36:33.050591,257,0.077171545997,0.0,0,-0.11,-0.22,-0.11
2024-03-15 03:36:33.050601,447,0.077171545997,0.0,0,-0.11,-0.22,-0.11
2024-03-15 03:36:33.050611,451,0.077171545997,0.0,0,-0.11,-0.22,-0.11
2024-03-15 03:36:33.050621,257,0.077171545997,0.0,0,-0.11,-0.22,-0.11
2024-03-15 03:36:33.050631,257,0.077171545997,0.0,0,-0.11,-0.22,-0.11
2024-03-15 03:36:33.050641,144,0.077171545997,0.0,0,-0.11,-0.22,-0.11
2024-03-15 03:36:33.050651,145,0.077171545997,0.0,0,-0.11,-0.22,-0.11
2024-03-15 03:36:33.050661,143,0.077171545997,0.0,0,-0.11,-0.22,-0.11
2024-03-15 03:36:33.050671,200,0.077171545997,0.0,0,-0.11,-0.22,-0.11
2024-03-15 03:36:33.050681,197,0.077171545997,0.0,0,-0.11,-0.22,-0.11
2024-03-15 03:36:33.050691,143,0.077171545997,0.0,0,-0.11,-0.22,-0.11
2024-03-15 03:36:33.050701,143,0.077171545997,0.0,0,-0.11,-0.22,-0.11
2024-03-15 03:36:33.050711,143,0.077171545997,0.0,0,-0.11,-0.22,-0.11
2024-03-15 03:36:33.050721,200,0.077171545997,0.0,0,-0.11,-0.22,-0.11
2024-03-15 03:36:33.050731,192,0.077171545997,0.0,0,-0.11,-0.22,-0.11
2024-03-15 03:36:33.050741,193,0.077171545997,0.0,0,-0.11,-0.22,-0.11
2024-03-15 03:36:33.050751,287,0.077171545997,0.0,0,-0.11,-0.22,-0.11
2024-03-15 03:36:33.050761,189,0.077171545997,0.0,0,-0.11,-0.22,-0.11
2024-03-15 03:36:33.050771,431,0.077171545997,0.0,0,-0.11,-0.22,-0.11
2024-03-15 03:36:33.050781,432,0.077171545997,0.0,0,-0.11,-0.22,-0.11
2024-03-15 03:36:33.050791,433,0.077171545997,0.0,0,-0.11,-0.22,-0.11
2024-03-15 03:36:33.050801,435,0.077171545997,0.0,0,-0.11,-0.22,-0.11
2024-03-15 03:36:33.050811,434,0.077171545997,0.0,0,-0.11,-0.22,-0.11
2024-03-15 03:36:33.050821,435,0.077171545997,0.0,0,-0.11,-0.22,-0.11
2024-03-15 03:36:33.050831,436,0.077171545997,0.0,0,-0.11,-0.22,-0.11
2024-03-15 03:36:33.050841,195,0.07149527111960001,0.0750000029802,0,-0.11,-0.22,-0.11
2024-03-15 03:36:33.050851,437,0.07149527111960001,0.0,0,-0.11,-0.22,-0.11
2024-03-15 03:36:33.050861,438,0.07149527111960001,0.0,0,-0.11,-0.22,-0.11
2024-03-15 03:36:33.050871,439,0.07149527111960001,0.0,0,-0.11,-0.22,-0.11
2024-03-15 03:36:33.050881,440,0.07149527111960001,0.0,0,-0.11,-0.22,-0.11
2024-03-15 03:36:33.050891,196,0.0660937322569,0.0750000029802,0,-0.11,-0.22,-0.11
2024-03-15 03:36:33.050901,274,0.06435356294689999,0.0250000003725,0,-0.11,-0.22,-0.11
2024-03-15 03:36:33.050911,212,0.0576903251595,0.10000000149,0,-0.11,-0.22,-0.11
2024-03-15 03:36:33.050921,445,0.0576903251595,0.0,0,-0.11,-0.22,-0.11
2024-03-15 03:36:33.050931,444,0.0403981408541,0.0,0,-0.11,-0.22,-0.11
2024-03-15 03:36:33.050941,443,0.044937371712600004,0.0,0,-0.11,-0.22,-0.11
2024-03-15 03:36:33.050951,245,0.044937371712600004,0.0,0,-0.11,-0.22,-0.11
2024-03-15 03:36:33.050961,256,0.0433881721742,0.0250000003725,0,-0.11,-0.22,-0.11
2024-03-15 03:36:33.050971,257,0.0433881721742,0.0,0,-0.11,-0.22,-0.11
2024-03-15 03:36:33.050981,442,0.0433881721742,0.0,0,-0.11,-0.22,-0.11
2024-03-15 03:36:33.050991,435,0.0481457180068,0.0,0,-0.11,-0.22,-0.11
2024-03-15 03:36:33.051001,272,0.0481457180068,0.0250000003725,0,-0.11,-0.22,-0.11
2024-03-15 03:36:33.051011,273,0.053237646203,0.0250000003725,0,-0.11,-0.22,-0.11
2024-03-15 03:36:33.051021,353,0.053237646203,0.0,0,-0.11,-0.22,-0.11
2024-03-15 03:36:33.051031,353,0.053237646203,0.0,0,-0.11,-0.22,-0.11
2024-03-15 03:36:33.051041,353,0.053237646203,0.0,0,-0.11,-0.22,-0.11
2024-03-15 03:36:33.051051,257,0.053237646203,0.0,0,-0.11,-0.22,-0.11
2024-03-15 03:36:33.051061,447,0.0418752028692,0.20000000298,0,-0.11,-0.22,-0.11
2024-03-15 03:36:33.051071,257,0.0418752028692,0.0,0,-0.11,-0.22,-0.11
2024-03-15 03:36:33.051081,448,0.0418752028692,0.0,0,-0.11,-0.22,-0.11
2024-03-15 03:36:33.051091,257,0.0418752028692,0.0,0,-0.11,-0.22,-0.11
2024-03-15 03:36:33.051101,458,0.043388172288300005,0.0,0,-0.11,-0.22,-0.11
2024-03-15 03:36:33.051111,457,0.0449373718294,0.0,0,-0.11,-0.22,-0.11
2024-03-15 03:36:33.051121,257,0.043388172288300005,0.0250000003725,0,-0.11,-0.22,-0.11
2024-03-15 03:36:33.051131,454,0.043388172288300005,0.0,0,-0.11,-0.22,-0.11
2024-03-15 03:36:33.051141,449,0.043388172288300005,0.0,0,-0.11,-0.22,-0.11
2024-03-15 03:36:33.051151,257,0.043388172288300005,0.0,0,-0.11,-0.22,-0.11
2024-03-15 03:36:33.051161,450,0.0568219206153,0.0,0,-0.11,-0.22,-0.11
2024-03-15 03:36:33.051171,257,0.0568219206153,0.0,0,-0.11,-0.22,-0.11
2024-03-15 03:36:33.051181,451,0.0568219206153,0.0,0,-0.11,-0.22,-0.11
2024-03-15 03:36:33.051191,257,0.0568219206153,0.0,0,-0.11,-0.22,-0.11
2024-03-15 03:36:33.051201,452,0.0568219206153,0.0,0,-0.11,-0.22,-0.11
2024-03-15 03:36:33.051211,266,0.0568219206153,0.0,0,-0.11,-0.22,-0.11
2024-03-15 03:36:33.051221,352,0.058671787041499994,0.0,0,-0.11,-0.22,-0.11
2024-03-15 03:36:33.051231,446,0.058671787041499994,0.0,0,-0.11,-0.22,-0.11
2024-03-15 03:36:33.051241,435,0.058671787041499994,0.0,0,-0.11,-0.22,-0.11
2024-03-15 03:36:33.051251,257,0.0550106307998,0.0500000007451,0,-0.11,-0.22,-0.11
2024-03-15 03:36:33.051261,455,0.0550106307998,0.0,0,-0.11,-0.22,-0.11
2024-03-15 03:36:33.051271,257,0.0550106307998,0.0,0,-0.11,-0.22,-0.11
2024-03-15 03:36:33.051281,443,0.0550106307998,0.0,0,-0.11,-0.22,-0.11
2024-03-15 03:36:33.051291,257,0.0550106307998,0.0,0,-0.11,-0.22,-0.11
2024-03-15 03:36:33.051301,456,0.0550106307998,0.0,0,-0.11,-0.22,-0.11
2024-03-15 03:36:33.051311,212,0.0498054764659,0.0750000029802,0,-0.11,-0.22,-0.11
2024-03-15 03:36:33.051321,443,0.0498054764659,0.0,0,-0.11,-0.22,-0.11
2024-03-15 03:36:33.051331,245,0.0498054764659,0.0,0,-0.11,-0.22,-0.11
2024-03-15 03:36:33.051341,435,0.0498054764659,0.0,0,-0.11,-0.22,-0.11
2024-03-15 03:36:33.051351,442,0.0532376460723,0.0,0,-0.11,-0.22,-0.11
2024-03-15 03:36:33.051361,440,0.0532376460723,0.0,0,-0.11,-0.22,-0.11
2024-03-15 03:36:33.051371,439,0.0532376460723,0.0,0,-0.11,-0.22,-0.11
2024-03-15 03:36:33.051381,438,0.0532376460723,0.0,0,-0.11,-0.22,-0.11
2024-03-15 03:36:33.051391,437,0.0532376460723,0.0,0,-0.11,-0.22,-0.11
2024-03-15 03:36:33.051401,256,0.0532376460723,0.0,0,-0.11,-0.22,-0.11
2024-03-15 03:36:33.051411,436,0.058671787041499994,0.0,0,-0.11,-0.22,-0.11
2024-03-15 03:36:33.051421,435,0.058671787041499994,0.0,0,-0.11,-0.22,-0.11
2024-03-15 03:36:33.051431,435,0.058671787041499994,0.0,0,-0.11,-0.22,-0.11
2024-03-15 03:36:33.051441,431,0.058671787041499994,0.0,0,-0.11,-0.22,-0.11
2024-03-15 03:36:33.051451,432,0.058671787041499994,0.0,0,-0.11,-0.22,-0.11
2024-03-15 03:36:33.051461,433,0.058671787041499994,0.0,0,-0.11,-0.22,-0.11
2024-03-15 03:36:33.051471,189,0.058671787041499994,0.0,0,-0.11,-0.22,-0.11
2024-03-15 03:36:33.051481,445,0.058671787041499994,0.0,0,-0.11,-0.22,-0.11
2024-03-15 03:36:33.051491,195,0.058671787041499994,0.0,0,-0.11,-0.22,-0.11
2024-03-15 03:36:33.051501,444,0.0568219206153,0.0250000003725,0,-0.11,-0.22,-0.11
2024-03-15 03:36:33.051511,434,0.0568219206153,0.0,0,-0.11,-0.22,-0.11
2024-03-15 03:36:33.051521,274,0.0568219206153,0.0,0,-0.11,-0.22,-0.11
2024-03-15 03:36:33.051531,196,0.0568219206153,0.0,0,-0.11,-0.22,-0.11
2024-03-15 03:36:33.051541,272,0.051502689222499995,0.0750000029802,0,-0.11,-0.22,-0.11
2024-03-15 03:36:33.051551,273,0.051502689222499995,0.0,0,-0.11,-0.22,-0.11
2024-03-15 03:36:33.051561,257,0.051502689222499995,0.0,0,-0.11,-0.22,-0.11
2024-03-15 03:36:33.051571,257,0.0498054764659,0.0250000003725,0,-0.11,-0.22,-0.11
2024-03-15 03:36:33.051581,446,0.0481457178845,0.0250000003725,0,-0.11,-0.22,-0.11
2024-03-15 03:36:33.051591,352,0.0481457178845,0.0,0,-0.11,-0.22,-0.11
2024-03-15 03:36:33.051601,266,0.0498054764659,0.0,0,-0.11,-0.22,-0.11
2024-03-15 03:36:33.051611,353,0.0498054764659,0.0,0,-0.11,-0.22,-0.11
2024-03-15 03:36:33.051621,257,0.0498054764659,0.0,0,-0.11,-0.22,-0.11
2024-03-15 03:36:33.051631,447,0.0498054764659,0.0,0,-0.11,-0.22,-0.11
2024-03-15 03:36:33.051641,257,0.0550106307998,0.0,0,-0.11,-0.22,-0.11
2024-03-15 03:36:33.051651,448,0.0550106307998,0.0,0,-0.11,-0.22,-0.11
2024-03-15 03:36:33.051661,353,0.0550106307998,0.0,0,-0.11,-0.22,-0.11
2024-03-15 03:36:33.051671,353,0.0568219206153,0.0,0,-0.11,-0.22,-0.11
2024-03-15 03:36:33.051681,450,0.058671787041499994,0.0,0,-0.11,-0.22,-0.11
2024-03-15 03:36:33.051691,257,0.058671787041499994,0.0,0,-0.11,-0.22,-0.11
2024-03-15 03:36:33.051701,456,0.058671787041499994,0.0,0,-0.11,-0.22,-0.11
2024-03-15 03:36:33.051711,443,0.058671787041499994,0.0,0,-0.11,-0.22,-0.11
2024-03-15 03:36:33.051721,257,0.058671787041499994,0.0,0,-0.11,-0.22,-0.11
2024-03-15 03:36:33.051731,457,0.058671787041499994,0.0,0,-0.11,-0.22,-0.11
2024-03-15 03:36:33.051741,458,0.058671787041499994,0.0,0,-0.11,-0.22,-0.11
2024-03-15 03:36:33.051751,454,0.058671787041499994,0.0,0,-0.11,-0.22,-0.11
2024-03-15 03:36:33.051761,455,0.058671787041499994,0.0,0,-0.11,-0.22,-0.11
2024-03-15 03:36:33.051771,257,0.058671787041499994,0.0,0,-0.11,-0.22,-0.11
2024-03-15 03:36:33.051781,452,0.058671787041499994,0.0,0,-0.11,-0.22,-0.11
2024-03-15 03:36:33.051791,257,0.058671787041499994,0.0,0,-0.11,-0.22,-0.11
2024-03-15 03:36:33.051801,451,0.058671787041499994,0.0,0,-0.11,-0.22,-0.11
2024-03-15 03:36:33.051811,449,0.058671787041499994,0.0,0,-0.11,-0.22,-0.11
2024-03-15 03:36:33.051821,257,0.058671787041499994,0.0,0,-0.11,-0.22,-0.11
2024-03-15 03:36:33.051831,257,0.0550106307998,0.0500000007451,0,-0.11,-0.22,-0.11
2024-03-15 03:36:33.051841,435,0.0550106307998,0.0,0,-0.11,-0.22,-0.11
2024-03-15 03:36:33.051851,257,0.0550106307998,0.0,0,-0.11,-0.22,-0.11
2024-03-15 03:36:33.051861,256,0.0550106307998,0.0,0,-0.11,-0.22,-0.11
2024-03-15 03:36:33.051871,431,0.0550106307998,0.0,0,-0.11,-0.22,-0.11
2024-03-15 03:36:33.051881,432,0.0550106307998,0.0,0,-0.11,-0.22,-0.11
2024-03-15 03:36:33.051891,433,0.0550106307998,0.0,0,-0.11,-0.22,-0.11
2024-03-15 03:36:33.051901,434,0.0550106307998,0.0,0,-0.11,-0.22,-0.11
2024-03-15 03:36:33.051911,435,0.0550106307998,0.0,0,-0.11,-0.22,-0.11
2024-03-15 03:36:33.051921,435,0.0550106307998,0.0,0,-0.11,-0.22,-0.11
2024-03-15 03:36:33.051931,437,0.0536777076537,0.0,0,-0.11,-0.22,-0.11
2024-03-15 03:36:33.051941,436,0.0536777076537,0.0,0,-0.11,-0.22,-0.11
2024-03-15 03:36:33.051951,438,0.0536777076537,0.0,0,-0.11,-0.22,-0.11
2024-03-15 03:36:33.051961,435,0.0536777076537,0.0,0,-0.11,-0.22,-0.11
2024-03-15 03:36:33.051971,195,0.051677308052699995,0.0250000003725,0,-0.11,-0.22,-0.11
2024-03-15 03:36:33.051981,440,0.051677308052699995,0.0,0,-0.11,-0.22,-0.11
2024-03-15 03:36:33.051991,442,0.051677308052699995,0.0,0,-0.11,-0.22,-0.11
2024-03-15 03:36:33.052001,274,0.051677308052699995,0.0,0,-0.11,-0.22,-0.11
2024-03-15 03:36:33.052011,245,0.0478255641251,0.0500000007451,0,-0.11,-0.22,-0.11
2024-03-15 03:36:33.052021,443,0.0478255641251,0.0,0,-0.11,-0.22,-0.11
2024-03-15 03:36:33.052031,444,0.0478255641251,0.0,0,-0.11,-0.22,-0.11
2024-03-15 03:36:33.052041,445,0.0478255641251,0.0,0,-0.11,-0.22,-0.11
2024-03-15 03:36:33.052051,212,0.0374297485146,0.15000000596,0,-0.11,-0.22,-0.11
2024-03-15 03:36:33.052061,257,0.0314256872766,0.10000000149,0,-0.11,-0.22,-0.11
2024-03-15 03:36:33.052071,196,0.0328595960353,0.0,0,-0.11,-0.22,-0.11
2024-03-15 03:36:33.052081,189,0.0328595960353,0.0,0,-0.11,-0.22,-0.11
2024-03-15 03:36:33.052091,272,0.0328595960353,0.0,0,-0.11,-0.22,-0.11
2024-03-15 03:36:33.052101,439,0.0328595960353,0.0,0,-0.11,-0.22,-0.11
2024-03-15 03:36:33.052111,273,0.0358610767993,0.0,0,-0.11,-0.22,-0.11
2024-03-15 03:36:33.052121,257,0.0343378739002,0.0250000003725,0,-0.11,-0.22,-0.11
2024-03-15 03:36:33.052131,448,0.0343378739002,0.0,0,-0.11,-0.22,-0.11
2024-03-15 03:36:33.052141,257,0.0343378739002,0.0,0,-0.11,-0.22,-0.11
2024-03-15 03:36:33.052151,449,0.0441695781233,0.0,0,-0.11,-0.22,-0.11
2024-03-15 03:36:33.052161,257,0.051677308052699995,0.0,0,-0.11,-0.22,-0.11
2024-03-15 03:36:33.052171,450,0.04972673988990002,0.0250000003725,0,-0.11,-0.22,-0.11
2024-03-15 03:36:33.052181,257,0.04972673988990002,0.0,0,-0.11,-0.22,-0.11
2024-03-15 03:36:33.052191,257,0.04972673988990002,0.0,0,-0.11,-0.22,-0.11
2024-03-15 03:36:33.052201,452,0.04972673988990002,0.0,0,-0.11,-0.22,-0.11
2024-03-15 03:36:33.052211,435,0.04972673988990002,0.0,0,-0.11,-0.22,-0.11
2024-03-15 03:36:33.052221,443,0.051677308052699995,0.0,0,-0.11,-0.22,-0.11
2024-03-15 03:36:33.052231,454,0.051677308052699995,0.0,0,-0.11,-0.22,-0.11
2024-03-15 03:36:33.052241,257,0.051677308052699995,0.0,0,-0.11,-0.22,-0.11
2024-03-15 03:36:33.052251,257,0.04972673988990002,0.0250000003725,0,-0.11,-0.22,-0.11
2024-03-15 03:36:33.052261,451,0.04972673988990002,0.0,0,-0.11,-0.22,-0.11
2024-03-15 03:36:33.052271,447,0.051677308052699995,0.0,0,-0.11,-0.22,-0.11
2024-03-15 03:36:33.052281,455,0.051677308052699995,0.0,0,-0.11,-0.22,-0.11
2024-03-15 03:36:33.052291,353,0.04972673988990002,0.0250000003725,0,-0.11,-0.22,-0.11
2024-03-15 03:36:33.052301,353,0.04972673988990002,0.0,0,-0.11,-0.22,-0.11
2024-03-15 03:36:33.052311,353,0.04972673988990002,0.0,0,-0.11,-0.22,-0.11
2024-03-15 03:36:33.052321,446,0.04972673988990002,0.0,0,-0.11,-0.22,-0.11
2024-03-15 03:36:33.052331,352,0.04972673988990002,0.0,0,-0.11,-0.22,-0.11
2024-03-15 03:36:33.052341,266,0.04972673988990002,0.0,0,-0.11,-0.22,-0.11
2024-03-15 03:36:33.052351,257,0.051677308052699995,0.0,0,-0.11,-0.22,-0.11
2024-03-15 03:36:33.052361,456,0.051677308052699995,0.0,0,-0.11,-0.22,-0.11
2024-03-15 03:36:33.052371,257,0.051677308052699995,0.0,0,-0.11,-0.22,-0.11
2024-03-15 03:36:33.052381,257,0.051677308052699995,0.0,0,-0.11,-0.22,-0.11
2024-03-15 03:36:33.052391,458,0.0536777076537,0.0,0,-0.11,-0.22,-0.11
2024-03-15 03:36:33.052401,457,0.0536777076537,0.0,0,-0.11,-0.22,-0.11
2024-03-15 03:36:33.052411,192,0.045973330650699994,0.10000000149,0,-0.11,-0.22,-0.11
2024-03-15 03:36:33.052421,193,0.045973330650699994,0.0,0,-0.11,-0.22,-0.11
2024-03-15 03:36:33.052431,287,0.045973330650699994,0.0,0,-0.11,-0.22,-0.11
2024-03-15 03:36:33.052441,189,0.040705613287300005,0.0750000029802,0,-0.11,-0.22,-0.11
2024-03-15 03:36:33.052451,272,0.040705613287300005,0.0,0,-0.11,-0.22,-0.11
2024-03-15 03:36:33.052461,273,0.040705613287300005,0.0,0,-0.11,-0.22,-0.11
2024-03-15 03:36:33.052471,195,0.040705613287300005,0.0,0,-0.11,-0.22,-0.11
2024-03-15 03:36:33.052481,274,0.0390444208627,0.0250000003725,0,-0.11,-0.22,-0.11
2024-03-15 03:36:33.052491,257,0.031425687487,0.125,0,-0.11,-0.22,-0.11
2024-03-15 03:36:33.052501,212,0.033003171899900006,0.0750000029802,0,-0.11,-0.22,-0.11
2024-03-15 03:36:33.052511,445,0.0328595961438,0.0,0,-0.11,-0.22,-0.11
2024-03-15 03:36:33.052521,444,0.0328595961438,0.0,0,-0.11,-0.22,-0.11
2024-03-15 03:36:33.052531,443,0.0328595961438,0.0,0,-0.11,-0.22,-0.11
2024-03-15 03:36:33.052541,245,0.0374297487518,0.0,0,-0.11,-0.22,-0.11
2024-03-15 03:36:33.052551,435,0.0374297487518,0.0,0,-0.11,-0.22,-0.11
2024-03-15 03:36:33.052561,442,0.0374297487518,0.0,0,-0.11,-0.22,-0.11
2024-03-15 03:36:33.052571,439,0.0374297487518,0.0,0,-0.11,-0.22,-0.11
2024-03-15 03:36:33.052581,438,0.0390444209847,0.0,0,-0.11,-0.22,-0.11
2024-03-15 03:36:33.052591,440,0.047825563985299996,0.0,0,-0.11,-0.22,-0.11
2024-03-15 03:36:33.052601,256,0.0536777076537,0.0,0,-0.11,-0.22,-0.11
2024-03-15 03:36:33.052611,436,0.0536777076537,0.0,0,-0.11,-0.22,-0.11
2024-03-15 03:36:33.052621,435,0.0536777076537,0.0,0,-0.11,-0.22,-0.11
2024-03-15 03:36:33.052631,435,0.0536777076537,0.0,0,-0.11,-0.22,-0.11
2024-03-15 03:36:33.052641,434,0.0536777076537,0.0,0,-0.11,-0.22,-0.11
2024-03-15 03:36:33.052651,433,0.0536777076537,0.0,0,-0.11,-0.22,-0.11
2024-03-15 03:36:33.052661,432,0.0536777076537,0.0,0,-0.11,-0.22,-0.11
2024-03-15 03:36:33.052671,431,0.0536777076537,0.0,0,-0.11,-0.22,-0.11
2024-03-15 03:36:33.052681,437,0.0536777076537,0.0,0,-0.11,-0.22,-0.11
2024-03-15 03:36:33.052691,196,0.0536777076537,0.0,0,-0.11,-0.22,-0.11
2024-03-15 03:36:33.052701,353,0.051677308052699995,0.0250000003725,0,-0.11,-0.22,-0.11
2024-03-15 03:36:33.052711,446,0.051677308052699995,0.0,0,-0.11,-0.22,-0.11
2024-03-15 03:36:33.052721,352,0.051677308052699995,0.0,0,-0.11,-0.22,-0.11
2024-03-15 03:36:33.052731,266,0.051677308052699995,0.0,0,-0.11,-0.22,-0.11
2024-03-15 03:36:33.052741,353,0.04972673988990002,0.0250000003725,0,-0.11,-0.22,-0.11
2024-03-15 03:36:33.052751,451,0.04972673988990002,0.0,0,-0.11,-0.22,-0.11
2024-03-15 03:36:33.052761,257,0.04972673988990002,0.0,0,-0.11,-0.22,-0.11
2024-03-15 03:36:33.052771,456,0.04972673988990002,0.0,0,-0.11,-0.22,-0.11
2024-03-15 03:36:33.052781,257,0.04972673988990002,0.0,0,-0.11,-0.22,-0.11
2024-03-15 03:36:33.052791,443,0.04972673988990002,0.0,0,-0.11,-0.22,-0.11
2024-03-15 03:36:33.052801,457,0.051677308052699995,0.0,0,-0.11,-0.22,-0.11
2024-03-15 03:36:33.052811,458,0.051677308052699995,0.0,0,-0.11,-0.22,-0.11
2024-03-15 03:36:33.052821,447,0.051677308052699995,0.0,0,-0.11,-0.22,-0.11
2024-03-15 03:36:33.052831,257,0.051677308052699995,0.0,0,-0.11,-0.22,-0.11
2024-03-15 03:36:33.052841,353,0.0536777076537,0.0,0,-0.11,-0.22,-0.11
2024-03-15 03:36:33.052851,454,0.0536777076537,0.0,0,-0.11,-0.22,-0.11
2024-03-15 03:36:33.052861,257,0.0536777076537,0.0,0,-0.11,-0.22,-0.11
2024-03-15 03:36:33.052871,455,0.0536777076537,0.0,0,-0.11,-0.22,-0.11
2024-03-15 03:36:33.052881,435,0.0536777076537,0.0,0,-0.11,-0.22,-0.11
2024-03-15 03:36:33.052891,257,0.0536777076537,0.0,0,-0.11,-0.22,-0.11
2024-03-15 03:36:33.052901,257,0.0536777076537,0.0,0,-0.11,-0.22,-0.11
2024-03-15 03:36:33.052911,257,0.0536777076537,0.0,0,-0.11,-0.22,-0.11
2024-03-15 03:36:33.052921,450,0.0536777076537,0.0,0,-0.11,-0.22,-0.11
2024-03-15 03:36:33.052931,257,0.0525688107079,0.0,0,-0.11,-0.22,-0.11
2024-03-15 03:36:33.052941,448,0.0525688107079,0.0,0,-0.11,-0.22,-0.11
2024-03-15 03:36:33.052951,257,0.0525688107079,0.0,0,-0.11,-0.22,-0.11
2024-03-15 03:36:33.052961,449,0.0525688107079,0.0,0,-0.11,-0.22,-0.11
2024-03-15 03:36:33.052971,452,0.0525688107079,0.0,0,-0.11,-0.22,-0.11
2024-03-15 03:36:33.052981,257,0.0525688107079,0.0,0,-0.11,-0.22,-0.11
2024-03-15 03:36:33.052991,445,0.0525688107079,0.0,0,-0.11,-0.22,-0.11
2024-03-15 03:36:33.053001,212,0.0525688107079,0.0,0,-0.11,-0.22,-0.11
2024-03-15 03:36:33.053011,435,0.0525688107079,0.0,0,-0.11,-0.22,-0.11
2024-03-15 03:36:33.053021,431,0.0525688107079,0.0,0,-0.11,-0.22,-0.11
2024-03-15 03:36:33.053031,432,0.0525688107079,0.0,0,-0.11,-0.22,-0.11
2024-03-15 03:36:33.053041,433,0.0525688107079,0.0,0,-0.11,-0.22,-0.11
2024-03-15 03:36:33.053051,444,0.0525688107079,0.0,0,-0.11,-0.22,-0.11
2024-03-15 03:36:33.053061,245,0.050369080578800005,0.0250000003725,0,-0.11,-0.22,-0.11
2024-03-15 03:36:33.053071,435,0.050369080578800005,0.0,0,-0.11,-0.22,-0.11
2024-03-15 03:36:33.053081,442,0.050369080578800005,0.0,0,-0.11,-0.22,-0.11
2024-03-15 03:36:33.053091,440,0.050369080578800005,0.0,0,-0.11,-0.22,-0.11
2024-03-15 03:36:33.053101,434,0.050369080578800005,0.0,0,-0.11,-0.22,-0.11
2024-03-15 03:36:33.053111,438,0.050369080578800005,0.0,0,-0.11,-0.22,-0.11
2024-03-15 03:36:33.053121,437,0.050369080578800005,0.0,0,-0.11,-0.22,-0.11
2024-03-15 03:36:33.053131,256,0.050369080578800005,0.0,0,-0.11,-0.22,-0.11
2024-03-15 03:36:33.053141,436,0.050369080578800005,0.0,0,-0.11,-0.22,-0.11
2024-03-15 03:36:33.053151,435,0.050369080578800005,0.0,0,-0.11,-0.22,-0.11
2024-03-15 03:36:33.053161,439,0.0525688107079,0.0,0,-0.11,-0.22,-0.11
2024-03-15 03:36:33.053171,443,0.0525688107079,0.0,0,-0.11,-0.22,-0.11
2024-03-15 03:36:33.053181,189,0.0525688107079,0.0,0,-0.11,-0.22,-0.11
2024-03-15 03:36:33.053191,195,0.050369080578800005,0.0250000003725,0,-0.11,-0.22,-0.11
2024-03-15 03:36:33.053201,196,0.0421815310248,0.10000000149,0,-0.11,-0.22,-0.11
2024-03-15 03:36:33.053211,257,0.0421815310248,0.0,0,-0.11,-0.22,-0.11
2024-03-15 03:36:33.053221,273,0.0402842423671,0.0250000003725,0,-0.11,-0.22,-0.11
2024-03-15 03:36:33.053231,272,0.0402842423671,0.0,0,-0.11,-0.22,-0.11
2024-03-15 03:36:33.053241,274,0.0402842423671,0.0,0,-0.11,-0.22,-0.11
2024-03-15 03:36:33.053251,455,0.038445432985699995,0.0250000003725,0,-0.11,-0.22,-0.11
2024-03-15 03:36:33.053261,456,0.038445432985699995,0.0,0,-0.11,-0.22,-0.11
2024-03-15 03:36:33.053271,257,0.038445432985699995,0.0,0,-0.11,-0.22,-0.11
2024-03-15 03:36:33.053281,257,0.038445432985699995,0.0,0,-0.11,-0.22,-0.11
2024-03-15 03:36:33.053291,257,0.0402842423671,0.0,0,-0.11,-0.22,-0.11
2024-03-15 03:36:33.053301,458,0.0482311187169,0.0,0,-0.11,-0.22,-0.11
2024-03-15 03:36:33.053311,257,0.0482311187169,0.0,0,-0.11,-0.22,-0.11
2024-03-15 03:36:33.053321,450,0.050369080578800005,0.0,0,-0.11,-0.22,-0.11
2024-03-15 03:36:33.053331,457,0.050369080578800005,0.0,0,-0.11,-0.22,-0.11
2024-03-15 03:36:33.053341,443,0.050369080578800005,0.0,0,-0.11,-0.22,-0.11
2024-03-15 03:36:33.053351,451,0.0525688107079,0.0,0,-0.11,-0.22,-0.11
2024-03-15 03:36:33.053361,257,0.0525688107079,0.0,0,-0.11,-0.22,-0.11
2024-03-15 03:36:33.053371,353,0.0525688107079,0.0,0,-0.11,-0.22,-0.11
2024-03-15 03:36:33.053381,353,0.0525688107079,0.0,0,-0.11,-0.22,-0.11
2024-03-15 03:36:33.053391,266,0.0525688107079,0.0,0,-0.11,-0.22,-0.11
2024-03-15 03:36:33.053401,352,0.0525688107079,0.0,0,-0.11,-0.22,-0.11
2024-03-15 03:36:33.053411,257,0.0525688107079,0.0,0,-0.11,-0.22,-0.11
2024-03-15 03:36:33.053421,447,0.0525688107079,0.0,0,-0.11,-0.22,-0.11
2024-03-15 03:36:33.053431,257,0.0525688107079,0.0,0,-0.11,-0.22,-0.11
2024-03-15 03:36:33.053441,353,0.0525688107079,0.0,0,-0.11,-0.22,-0.11
2024-03-15 03:36:33.053451,454,0.0525688107079,0.0,0,-0.11,-0.22,-0.11
2024-03-15 03:36:33.053461,448,0.0525688107079,0.0,0,-0.11,-0.22,-0.11
2024-03-15 03:36:33.053471,257,0.0525688107079,0.0,0,-0.11,-0.22,-0.11
2024-03-15 03:36:33.053481,449,0.0525688107079,0.0,0,-0.11,-0.22,-0.11
2024-03-15 03:36:33.053491,257,0.0525688107079,0.0,0,-0.11,-0.22,-0.11
2024-03-15 03:36:33.053501,257,0.0525688107079,0.0,0,-0.11,-0.22,-0.11
2024-03-15 03:36:33.053511,452,0.0525688107079,0.0,0,-0.11,-0.22,-0.11
2024-03-15 03:36:33.053521,435,0.0525688107079,0.0,0,-0.11,-0.22,-0.11
2024-03-15 03:36:33.053531,446,0.0525688107079,0.0,0,-0.11,-0.22,-0.11
2024-03-15 03:36:33.053541,196,0.0441379926343,0.10000000149,0,-0.11,-0.22,-0.11
2024-03-15 03:36:33.053551,274,0.0441379926343,0.0,0,-0.11,-0.22,-0.11
2024-03-15 03:36:33.053561,189,0.036664390807,0.10000000149,0,-0.11,-0.22,-0.11
2024-03-15 03:36:33.053571,272,0.036664390807,0.0,0,-0.11,-0.22,-0.11
2024-03-15 03:36:33.053581,273,0.036664390807,0.0,0,-0.11,-0.22,-0.11
2024-03-15 03:36:33.053591,257,0.036664390807,0.0,0,-0.11,-0.22,-0.11
2024-03-15 03:36:33.053601,212,0.0301029999395,0.10000000149,0,-0.11,-0.22,-0.11
2024-03-15 03:36:33.053611,195,0.0349403859097,0.0750000029802,0,-0.11,-0.22,-0.11
2024-03-15 03:36:33.053621,444,0.0349403859097,0.0,0,-0.11,-0.22,-0.11
2024-03-15 03:36:33.053631,443,0.0349403859097,0.0,0,-0.11,-0.22,-0.11
2024-03-15 03:36:33.053641,245,0.0316604670502,0.0,0,-0.11,-0.22,-0.11
2024-03-15 03:36:33.053651,435,0.0316604670502,0.0,0,-0.11,-0.22,-0.11
2024-03-15 03:36:33.053661,442,0.038445432850900005,0.0,0,-0.11,-0.22,-0.11
2024-03-15 03:36:33.053671,440,0.038445432850900005,0.0,0,-0.11,-0.22,-0.11
2024-03-15 03:36:33.053681,439,0.0366643906765,0.0250000003725,0,-0.11,-0.22,-0.11
2024-03-15 03:36:33.053691,432,0.0366643906765,0.0,0,-0.11,-0.22,-0.11
2024-03-15 03:36:33.053701,433,0.0441379924863,0.0,0,-0.11,-0.22,-0.11
2024-03-15 03:36:33.053711,434,0.050369080578800005,0.0,0,-0.11,-0.22,-0.11
2024-03-15 03:36:33.053721,435,0.050369080578800005,0.0,0,-0.11,-0.22,-0.11
2024-03-15 03:36:33.053731,445,0.050369080578800005,0.0,0,-0.11,-0.22,-0.11
2024-03-15 03:36:33.053741,435,0.050369080578800005,0.0,0,-0.11,-0.22,-0.11
2024-03-15 03:36:33.053751,436,0.050369080578800005,0.0,0,-0.11,-0.22,-0.11
2024-03-15 03:36:33.053761,438,0.050369080578800005,0.0,0,-0.11,-0.22,-0.11
2024-03-15 03:36:33.053771,431,0.050369080578800005,0.0,0,-0.11,-0.22,-0.11
2024-03-15 03:36:33.053781,437,0.0525688107079,0.0,0,-0.11,-0.22,-0.11
2024-03-15 03:36:33.053791,256,0.0525688107079,0.0,0,-0.11,-0.22,-0.11
2024-03-15 03:36:33.053801,435,0.0525688107079,0.0,0,-0.11,-0.22,-0.11
2024-03-15 03:36:33.053811,257,0.0525688107079,0.0,0,-0.11,-0.22,-0.11
2024-03-15 03:36:33.053821,450,0.0525688107079,0.0,0,-0.11,-0.22,-0.11
2024-03-15 03:36:33.053831,451,0.0525688107079,0.0,0,-0.11,-0.22,-0.11
2024-03-15 03:36:33.053841,257,0.0482311187169,0.0500000007451,0,-0.11,-0.22,-0.11
2024-03-15 03:36:33.053851,449,0.0482311187169,0.0,0,-0.11,-0.22,-0.11
2024-03-15 03:36:33.053861,257,0.0482311187169,0.0,0,-0.11,-0.22,-0.11
2024-03-15 03:36:33.053871,257,0.0482311187169,0.0,0,-0.11,-0.22,-0.11
2024-03-15 03:36:33.053881,448,0.0482311187169,0.0,0,-0.11,-0.22,-0.11
2024-03-15 03:36:33.053891,257,0.0482311187169,0.0,0,-0.11,-0.22,-0.11
2024-03-15 03:36:33.053901,447,0.0482311187169,0.0,0,-0.11,-0.22,-0.11
2024-03-15 03:36:33.053911,257,0.0482311187169,0.0,0,-0.11,-0.22,-0.11
2024-03-15 03:36:33.053921,353,0.0482311187169,0.0,0,-0.11,-0.22,-0.11
2024-03-15 03:36:33.053931,353,0.050196655903500004,0.0,0,-0.11,-0.22,-0.11
2024-03-15 03:36:33.053941,353,0.0550708967358,0.0,0,-0.11,-0.22,-0.11
2024-03-15 03:36:33.053951,352,0.0550708967358,0.0,0,-0.11,-0.22,-0.11
2024-03-15 03:36:33.053961,257,0.0550708967358,0.0,0,-0.11,-0.22,-0.11
2024-03-15 03:36:33.053971,454,0.0550708967358,0.0,0,-0.11,-0.22,-0.11
2024-03-15 03:36:33.053981,443,0.0550708967358,0.0,0,-0.11,-0.22,-0.11
2024-03-15 03:36:33.053991,257,0.0550708967358,0.0,0,-0.11,-0.22,-0.11
2024-03-15 03:36:33.054001,455,0.0550708967358,0.0,0,-0.11,-0.22,-0.11
2024-03-15 03:36:33.054011,456,0.0550708967358,0.0,0,-0.11,-0.22,-0.11
2024-03-15 03:36:33.054021,266,0.047870334721999995,0.0750000029802,0,-0.11,-0.22,-0.11
2024-03-15 03:36:33.054031,452,0.047870334721999995,0.0,0,-0.11,-0.22,-0.11
2024-03-15 03:36:33.054041,257,0.047870334721999995,0.0,0,-0.11,-0.22,-0.11
2024-03-15 03:36:33.054051,457,0.047870334721999995,0.0,0,-0.11,-0.22,-0.11
2024-03-15 03:36:33.054061,458,0.047870334721999995,0.0,0,-0.11,-0.22,-0.11
2024-03-15 03:36:33.054071,446,0.047870334721999995,0.0,0,-0.11,-0.22,-0.11
2024-03-15 03:36:33.054081,257,0.047870334721999995,0.0,0,-0.11,-0.22,-0.11
2024-03-15 03:36:33.054091,445,0.047870334721999995,0.0,0,-0.11,-0.22,-0.11
2024-03-15 03:36:33.054101,189,0.047870334721999995,0.0,0,-0.11,-0.22,-0.11
2024-03-15 03:36:33.054111,195,0.039284439229000004,0.10000000149,0,-0.11,-0.22,-0.11
2024-03-15 03:36:33.054121,212,0.0456168036816,0.0,0,-0.11,-0.22,-0.11
2024-03-15 03:36:33.054131,440,0.0456168036816,0.0,0,-0.11,-0.22,-0.11
2024-03-15 03:36:33.054141,434,0.0456168036816,0.0,0,-0.11,-0.22,-0.11
2024-03-15 03:36:33.054151,437,0.0456168036816,0.0,0,-0.11,-0.22,-0.11
2024-03-15 03:36:33.054161,438,0.0456168036816,0.0,0,-0.11,-0.22,-0.11
2024-03-15 03:36:33.054171,435,0.0456168036816,0.0,0,-0.11,-0.22,-0.11
2024-03-15 03:36:33.054181,435,0.0456168036816,0.0,0,-0.11,-0.22,-0.11
2024-03-15 03:36:33.054191,439,0.0456168036816,0.0,0,-0.11,-0.22,-0.11
2024-03-15 03:36:33.054201,256,0.0456168036816,0.0,0,-0.11,-0.22,-0.11
2024-03-15 03:36:33.054211,433,0.0550708967358,0.0,0,-0.11,-0.22,-0.11
2024-03-15 03:36:33.054221,432,0.0550708967358,0.0,0,-0.11,-0.22,-0.11
2024-03-15 03:36:33.054231,436,0.0550708967358,0.0,0,-0.11,-0.22,-0.11
2024-03-15 03:36:33.054241,442,0.0550708967358,0.0,0,-0.11,-0.22,-0.11
2024-03-15 03:36:33.054251,435,0.0550708967358,0.0,0,-0.11,-0.22,-0.11
2024-03-15 03:36:33.054261,245,0.0550708967358,0.0,0,-0.11,-0.22,-0.11
2024-03-15 03:36:33.054271,443,0.0550708967358,0.0,0,-0.11,-0.22,-0.11
2024-03-15 03:36:33.054281,444,0.0550708967358,0.0,0,-0.11,-0.22,-0.11
2024-03-15 03:36:33.054291,431,0.0550708967358,0.0,0,-0.11,-0.22,-0.11
2024-03-15 03:36:33.054301,274,0.0550708967358,0.0,0,-0.11,-0.22,-0.11
2024-03-15 03:36:33.054311,273,0.0550708967358,0.0,0,-0.11,-0.22,-0.11
2024-03-15 03:36:33.054321,272,0.0550708967358,0.0,0,-0.11,-0.22,-0.11
2024-03-15 03:36:33.054331,257,0.0550708967358,0.0,0,-0.11,-0.22,-0.11
2024-03-15 03:36:33.054341,196,0.0550708967358,0.0,0,-0.11,-0.22,-0.11
2024-03-15 03:36:33.054341,587,0.030103000462799998,0.300000011921,0,-0.11,-0.22,-0.11
2024-03-15 03:36:43.067393,588,0.0685843404208,0.425000011921,0,-0.11,-0.22,-0.11
2024-03-15 03:36:43.067984,589,0.07453549441089999,0.0500000007451,0,-0.11,-0.22,-0.11
2024-03-15 03:36:43.068118,590,0.0808061835037,0.0500000007451,0,-0.11,-0.22,-0.11
2024-03-15 03:38:11.322860,660,0.08740107800689999,0.0500000007451,0,-0.11,-0.22,-0.11
2024-03-15 03:38:11.630856,676,0.09791079887229999,0.0750000029802,0,-0.11,-0.22,-0.11
2024-03-15 03:38:21.635569,677,0.109173371116,0.0750000029802,0,-0.11,-0.22,-0.11
2024-03-15 03:39:15.794860,660,0.12120112536800001,0.0750000029802,0,-0.11,-0.22,-0.11
2024-03-15 03:39:16.066821,676,0.13400523252399998,0.0750000029802,0,-0.11,-0.22,-0.11
2024-03-15 03:39:26.073214,677,0.14759581580999998,0.0750000029802,0,-0.11,-0.22,-0.11
2024-03-15 03:40:34.213764,384,0.172019054331,0.425000011921,0,-0.11,-0.22,-0.11
2024-03-15 03:40:34.214241,463,0.09791079887229999,0.0,0,-0.11,-0.22,-0.11
2024-03-15 03:40:34.803634,587,0.125382376905,0.22499999403999998,0,-0.11,-0.22,-0.11
2024-03-15 03:40:44.822906,588,0.172019052809,0.300000011921,0,-0.11,-0.22,-0.11
2024-03-15 03:40:44.823349,589,0.16695573895,0.0250000003725,0,-0.11,-0.22,-0.11
2024-03-15 03:40:44.823513,590,0.157097702148,0.0250000003725,0,-0.11,-0.22,-0.11
2024-03-15 03:41:59.130521,384,0.177172271316,0.17499999702,0,-0.11,-0.22,-0.11
2024-03-15 03:41:59.131009,463,0.161982049626,0.0,0,-0.11,-0.22,-0.11
2024-03-15 03:41:59.675117,587,0.182415667412,0.17499999702,0,-0.11,-0.22,-0.11
2024-03-15 03:42:09.694590,588,0.233705007841,0.300000011921,0,-0.11,-0.22,-0.11
2024-03-15 03:42:09.695205,589,0.142977645194,0.0,0,-0.11,-0.22,-0.11
2024-03-15 03:42:09.695362,590,0.142977645194,0.0,0,-0.11,-0.22,-0.11
2024-03-15 03:43:19.341427,209,0.113097025744,0.0500000007451,0,-0.11,-0.22,-0.11
2024-03-15 03:43:19.468326,661,0.08740107548910002,0.125,0,-0.11,-0.22,-0.11
2024-03-15 03:43:19.469038,211,0.105334741346,0.15000000596,0,-0.11,-0.22,-0.11
2024-03-15 03:43:28.058871,660,0.121201121668,0.125,0,-0.11,-0.22,-0.11
2024-03-15 03:43:28.274842,676,0.0979107969802,0.0250000003725,0,-0.11,-0.22,-0.11
2024-03-15 03:43:38.280344,677,0.10158070336899999,0.0250000003725,0,-0.11,-0.22,-0.11
2024-03-15 03:44:09.426103,172,0.0874010775033,0.0750000029802,0,-0.11,-0.22,-0.11
2024-03-15 03:44:09.427780,197,0.0525965812139,0.0,0,-0.11,-0.22,-0.11
2024-03-15 03:44:09.428383,203,0.0525965812139,0.0,0,-0.11,-0.22,-0.11
2024-03-15 03:44:19.432384,341,0.0525965812139,0.0,0,-0.11,-0.22,-0.11
2024-03-15 03:45:11.499633,384,0.0478703358821,0.0,0,-0.11,-0.22,-0.11
2024-03-15 03:45:11.500085,463,0.0373134310591,0.0,0,-0.11,-0.22,-0.11
2024-03-15 03:45:12.081061,587,0.0373134310591,0.15000000596,0,-0.11,-0.22,-0.11
2024-03-15 03:45:22.099880,588,0.045616804144199996,0.22499999403999998,0,-0.11,-0.22,-0.11
2024-03-15 03:45:22.100472,589,0.0434352244396,0.0,0,-0.11,-0.22,-0.11
2024-03-15 03:45:22.100608,590,0.0413247327195,0.0,0,-0.11,-0.22,-0.11
2024-03-15 03:46:14.368247,172,0.0392844396473,0.0500000007451,0,-0.11,-0.22,-0.11
2024-03-15 03:46:14.369468,197,0.0392844396473,0.0,0,-0.11,-0.22,-0.11
2024-03-15 03:46:14.370035,203,0.0392844396473,0.0,0,-0.11,-0.22,-0.11
2024-03-15 03:46:24.374725,341,0.0392844396473,0.0,0,-0.11,-0.22,-0.11
2024-03-15 03:47:14.415971,172,0.0392844396473,0.0,0,-0.11,-0.22,-0.11
2024-03-15 03:47:14.417884,203,0.0392844396473,0.0,0,-0.11,-0.22,-0.11
2024-03-15 03:47:14.418319,197,0.0318065564557,0.0,0,-0.11,-0.22,-0.11
2024-03-15 03:47:24.421645,341,0.050196655903500004,0.0,0,-0.11,-0.22,-0.11
2024-03-15 03:48:39.487794,172,0.050196655903500004,0.0,0,-0.11,-0.22,-0.11
2024-03-15 03:48:39.489275,197,0.0413247322865,0.10000000149,0,-0.11,-0.22,-0.11
2024-03-15 03:48:39.489840,203,0.0456168036816,0.0,0,-0.11,-0.22,-0.11
2024-03-15 03:48:49.494537,341,0.0456168036816,0.0,0,-0.11,-0.22,-0.11
2024-03-15 03:49:44.547610,384,0.0456168036816,0.0,0,-0.11,-0.22,-0.11
2024-03-15 03:49:44.691122,463,0.0456168036816,0.0,0,-0.11,-0.22,-0.11
2024-03-15 03:49:45.153163,587,0.030102999964700002,0.20000000298,0,-0.11,-0.22,-0.11
2024-03-15 03:49:55.171740,588,0.043435224279699994,0.17499999702,0,-0.11,-0.22,-0.11
2024-03-15 03:49:55.172419,589,0.043435224279699994,0.0,0,-0.11,-0.22,-0.11
2024-03-15 03:49:55.172562,590,0.043435224279699994,0.0,0,-0.11,-0.22,-0.11
2024-03-15 03:50:36.473724,384,0.0550708968855,0.125,0,-0.11,-0.22,-0.11
2024-03-15 03:50:36.474180,463,0.0602457447102,0.15000000596,0,-0.11,-0.22,-0.11
2024-03-15 03:50:36.962002,587,0.0811245036606,0.17499999702,0,-0.11,-0.22,-0.11
2024-03-15 03:50:46.980699,588,0.130341451068,0.324999988079,0,-0.11,-0.22,-0.11
2024-03-15 03:50:46.981106,589,0.130341451068,0.0,0,-0.11,-0.22,-0.11
2024-03-15 03:50:46.981280,590,0.130341451068,0.0,0,-0.11,-0.22,-0.11
2024-03-15 03:50:50.136935,172,0.10205316897500001,0.0250000003725,0,-0.11,-0.22,-0.11
2024-03-15 03:50:50.138620,203,0.07792613344339999,0.0,0,-0.11,-0.22,-0.11
2024-03-15 03:50:50.138862,143,0.07792613344339999,0.0,0,-0.11,-0.22,-0.11
2024-03-15 03:50:50.138881,143,0.07792613344339999,0.0,0,-0.11,-0.22,-0.11
2024-03-15 03:50:50.138885,144,0.0631414429655,0.0,0,-0.11,-0.22,-0.11
2024-03-15 03:50:50.141111,197,0.0479674113791,0.0,0,-0.11,-0.22,-0.11
2024-03-15 03:50:50.635811,198,0.0335924372958,0.0,0,-0.11,-0.22,-0.11
2024-03-15 03:50:50.638873,145,0.0527228731,0.0,0,-0.11,-0.22,-0.11
2024-03-15 03:50:50.638900,143,0.0527228731,0.0,0,-0.11,-0.22,-0.11
2024-03-15 03:50:50.638903,143,0.0527228731,0.0,0,-0.11,-0.22,-0.11
2024-03-15 03:50:52.195534,198,0.055212906213800005,0.0,0,-0.11,-0.22,-0.11
2024-03-15 03:50:55.153629,172,0.055212906213800005,0.0,0,-0.11,-0.22,-0.11
2024-03-15 03:50:55.154811,143,0.055212906213800005,0.0,0,-0.11,-0.22,-0.11
2024-03-15 03:50:55.154835,143,0.055212906213800005,0.0,0,-0.11,-0.22,-0.11
2024-03-15 03:50:55.154837,144,0.055212906213800005,0.0,0,-0.11,-0.22,-0.11
2024-03-15 03:50:55.155025,203,0.055212906213800005,0.0,0,-0.11,-0.22,-0.11
2024-03-15 03:50:55.156386,197,0.055212906213800005,0.0,0,-0.11,-0.22,-0.11
2024-03-15 03:50:55.286520,200,0.055212906213800005,0.0,0,-0.11,-0.22,-0.11
2024-03-15 03:50:55.286813,145,0.055212906213800005,0.0,0,-0.11,-0.22,-0.11
2024-03-15 03:50:55.286829,143,0.055212906213800005,0.0,0,-0.11,-0.22,-0.11
2024-03-15 03:50:55.286831,143,0.055212906213800005,0.0,0,-0.11,-0.22,-0.11
2024-03-15 03:50:57.091420,200,0.055212906213800005,0.0,0,-0.11,-0.22,-0.11
2024-03-15 03:51:00.181909,172,0.055212906213800005,0.0,0,-0.11,-0.22,-0.11
2024-03-15 03:51:00.182832,143,0.055212906213800005,0.0,0,-0.11,-0.22,-0.11
2024-03-15 03:51:00.182852,143,0.055212906213800005,0.0,0,-0.11,-0.22,-0.11
2024-03-15 03:51:00.182854,144,0.055212906213800005,0.0,0,-0.11,-0.22,-0.11
2024-03-15 03:51:00.183267,203,0.055212906213800005,0.0,0,-0.11,-0.22,-0.11
2024-03-15 03:51:00.185196,197,0.055212906213800005,0.0,0,-0.11,-0.22,-0.11
2024-03-15 03:51:00.301045,201,0.055212906213800005,0.0,0,-0.11,-0.22,-0.11
2024-03-15 03:51:00.302820,145,0.055212906213800005,0.0,0,-0.11,-0.22,-0.11
2024-03-15 03:51:00.302839,143,0.055212906213800005,0.0,0,-0.11,-0.22,-0.11
2024-03-15 03:51:00.302841,143,0.055212906213800005,0.0,0,-0.11,-0.22,-0.11
2024-03-15 03:51:02.147751,201,0.055212906213800005,0.0,0,-0.11,-0.22,-0.11
2024-03-15 03:51:41.281959,172,0.055212906213800005,0.0,1,1.0,1.0,1.0
2024-03-15 03:51:41.283599,197,0.055212906213800005,0.0,1,0.9997490793172502,0.9997490793172502,0.9997490793172502
2024-03-15 03:51:41.284373,203,0.055212906213800005,0.0,1,0.9994935504163032,0.9994935504163032,0.9994935504163033
2024-03-15 03:51:41.290959,560,0.0301030004665,0.300000011921,1,0.9992333298766036,0.9992333298766036,0.9992333298766037
2024-03-15 03:51:41.291959,561,0.0354371632755,0.0750000029802,1,0.9989683328126332,0.9989683328126332,0.9989683328126332
2024-03-15 03:51:41.292959,562,0.050307976124300005,0.17499999702,1,0.9986984728498784,0.9986984728498784,0.9986984728498784
2024-03-15 03:51:41.293373,560,0.060421453744,0.10000000149,1,0.9984236621004616,0.9984236621004616,0.9984236621004617
2024-03-15 03:51:41.293959,563,0.07480906412600001,0.125,1,0.9981438111384464,0.9981438111384464,0.9981438111384464
2024-03-15 03:51:41.294373,561,0.0779261362665,0.0250000003725,1,0.9978588289748028,0.9978588289748028,0.9978588289748028
2024-03-15 03:51:41.294959,311,0.10205317231899999,0.17499999702,1,0.9975686230320444,0.9975686230320444,0.9975686230320445
2024-03-15 03:51:41.295373,562,0.10205317231899999,0.0,1,0.997273099118519,0.997273099118519,0.997273099118519
2024-03-15 03:51:41.295959,405,0.105835859623,0.0250000003725,1,0.9969721614023676,0.9969721614023676,0.9969721614023677
2024-03-15 03:51:41.296373,563,0.113658018475,0.0500000007451,1,0.9966657123851412,0.9966657123851412,0.9966657123851412
2024-03-15 03:51:41.296959,405,0.0717726873454,0.0,1,0.9963536528750732,0.9963536528750732,0.9963536528750732
2024-03-15 03:51:41.297373,311,0.0631414435822,0.0,1,0.9960358819600124,0.9960358819600124,0.9960358819600125
2024-03-15 03:51:41.297959,311,0.04570036244469999,0.0,1,0.9957122969800128,0.9957122969800128,0.9957122969800127
2024-03-15 03:51:41.298373,405,0.037349909891,0.0,1,0.9953827934995751,0.9953827934995751,0.9953827934995751
2024-03-15 03:51:41.298959,564,0.05030797541569999,0.27500000596,1,0.9950472652795468,0.9950472652795468,0.9950472652795468
2024-03-15 03:51:41.299373,405,0.0479674130954,0.0,1,0.9947056042486784,0.9947056042486784,0.9947056042486785
2024-03-15 03:51:41.299959,390,0.033592438645099996,0.0,1,0.9943577004748284,0.9943577004748284,0.9943577004748283
2024-03-15 03:51:41.300373,311,0.033592438645099996,0.0,1,0.9940034421358264,0.9940034421358264,0.9940034421358264
2024-03-15 03:51:41.300959,564,0.047967413610300005,0.20000000298,1,0.9936427154899924,0.9936427154899924,0.9936427154899925
2024-03-15 03:51:41.301373,564,0.0748090650429,0.300000011921,1,0.9932754048463088,0.9932754048463088,0.9932754048463087
2024-03-15 03:51:41.301959,388,0.07792613720760001,0.0250000003725,1,0.9929013925342464,0.9929013925342464,0.9929013925342464
2024-03-15 03:51:41.302373,390,0.07792613720760001,0.0,1,0.992520558873252,0.9925205588732521,0.992520558873252
2024-03-15 03:51:41.302959,565,0.102053173433,0.17499999702,1,0.9921327821418884,0.9921327821418884,0.9921327821418885
2024-03-15 03:51:41.303373,564,0.153176114091,0.300000011921,1,0.991737938546638,0.9917379385466379,0.991737938546638
2024-03-15 03:51:41.303959,566,0.105835861618,0.0,1,0.9913359021903652,0.9913359021903652,0.9913359021903653
2024-03-15 03:51:41.304373,388,0.105835861618,0.0,1,0.9909265450404412,0.9909265450404412,0.9909265450404411
2024-03-15 03:51:41.304959,388,0.105835861618,0.0,1,0.9905097368965357,0.9905097368965357,0.9905097368965355
2024-03-15 03:51:41.305373,565,0.134731135372,0.17499999702,1,0.9900853453580759,0.990085345358076,0.9900853453580759
2024-03-15 03:51:41.305959,311,0.102053173433,0.0,1,0.9896532357913757,0.9896532357913757,0.9896532357913755
2024-03-15 03:51:41.306373,566,0.06314144460990001,0.0,1,0.9892132712964404,0.9892132712964404,0.9892132712964405
2024-03-15 03:51:41.306959,388,0.060421452944999995,0.0,1,0.9887653126734484,0.9887653126734484,0.9887653126734484
2024-03-15 03:51:41.307373,388,0.060421452944999995,0.0,1,0.9883092183889152,0.9883092183889152,0.9883092183889151
2024-03-15 03:51:41.307959,388,0.043505975785800004,0.0,1,0.987844844541543,0.987844844541543,0.987844844541543
2024-03-15 03:51:41.308373,311,0.0393316632812,0.0,1,0.9873720448277656,0.9873720448277656,0.9873720448277656
2024-03-15 03:51:41.308959,398,0.0393316632812,0.0,1,0.9868906705069824,0.9868906705069824,0.9868906705069825
2024-03-15 03:51:41.309373,388,0.0393316632812,0.0,1,0.9864005703665047,0.9864005703665047,0.9864005703665049
2024-03-15 03:51:41.309959,311,0.0393316632812,0.0,1,0.9859015906862016,0.9859015906862016,0.9859015906862015
2024-03-15 03:51:41.310373,388,0.055212906213800005,0.0,1,0.9853935752028667,0.9853935752028667,0.9853935752028669
2024-03-15 03:51:41.310959,567,0.0354371626036,0.22499999403999998,1,0.9848763650743072,0.9848763650743072,0.9848763650743073
2024-03-15 03:51:41.311373,398,0.0354371626036,0.0,1,0.9843497988431612,0.9843497988431612,0.9843497988431611
2024-03-15 03:51:41.311959,400,0.0354371626036,0.0,1,0.9838137124004548,0.9838137124004548,0.9838137124004549
2024-03-15 03:51:41.312373,311,0.0354371626036,0.0,1,0.9832679389489096,0.9832679389489096,0.9832679389489096
2024-03-15 03:51:41.312959,401,0.0354371626036,0.0,1,0.9827123089660018,0.9827123089660018,0.9827123089660018
2024-03-15 03:51:41.313373,567,0.0354371626036,0.0,1,0.9821466501667924,0.9821466501667924,0.9821466501667925
2024-03-15 03:51:41.313959,402,0.0354371626036,0.0,1,0.9815707874665353,0.9815707874665353,0.9815707874665351
2024-03-15 03:51:41.314373,400,0.0354371626036,0.0,1,0.980984542943072,0.980984542943072,0.980984542943072
2024-03-15 03:51:41.314959,403,0.0354371626036,0.0,1,0.9803877357990316,0.9803877357990316,0.9803877357990316
2024-03-15 03:51:41.315373,401,0.0354371626036,0.0,1,0.9797801823238406,0.9797801823238406,0.9797801823238406
2024-03-15 03:51:41.315959,404,0.055212906213800005,0.0,1,0.9791616958555612,0.9791616958555612,0.9791616958555611
2024-03-15 03:51:41.316373,402,0.055212906213800005,0.0,1,0.9785320867425746,0.9785320867425746,0.9785320867425746
2024-03-15 03:51:41.316959,568,0.0318147288973,0.27500000596,1,0.9778911623051162,0.9778911623051162,0.9778911623051162
2024-03-15 03:51:41.317373,403,0.03359243878,0.0750000029802,1,0.9772387267966854,0.9772387267966854,0.9772387267966854
2024-03-15 03:51:41.318373,404,0.03359243878,0.0,1,0.9765745813653456,0.9765745813653456,0.9765745813653455
2024-03-15 03:51:41.319373,568,0.0457003637742,0.15000000596,1,0.9758985240149288,0.9758985240149288,0.9758985240149289
2024-03-15 03:51:51.288347,341,0.047967414125300006,0.0250000003725,1,0.9752103495661654,0.9752103495661654,0.9752103495661654
2024-03-15 03:53:20.350887,660,0.068816391596,0.20000000298,1,0.9745098496177598,0.9745098496177598,0.9745098496177598
2024-03-15 03:53:20.674864,676,0.07792613720760001,0.0750000029802,1,0.9737968125074272,0.9737968125074272,0.9737968125074273
2024-03-15 03:53:30.681932,677,0.07792613720760001,0.0,1,0.9730710232729208,0.9730710232729208,0.9730710232729208
2024-03-15 03:54:19.892319,172,0.07792613720760001,0.0,1,0.9723322636130612,0.9723322636130612,0.9723322636130611
2024-03-15 03:54:19.892867,197,0.081124506074,0.0250000003725,1,0.9715803118488022,0.9715803118488022,0.9715803118488022
2024-03-15 03:54:19.893269,203,0.05093483680290002,0.0,1,0.970814942884348,0.970814942884348,0.9708149428843479
2024-03-15 03:54:29.897725,341,0.04390389786190002,0.0,1,0.970035928168354,0.970035928168354,0.9700359281683539
2024-03-15 03:55:39.400423,384,0.04390389786190002,0.0,1,0.9692430356552332,0.9692430356552332,0.9692430356552333
2024-03-15 03:55:42.623140,463,0.0318605597821,0.0,1,0.9684360297665984,0.9684360297665984,0.9684360297665984
2024-03-15 03:55:42.631140,426,0.030103000102400006,0.0,1,0.9676146713528692,0.9676146713528692,0.9676146713528692
2024-03-15 03:55:47.433471,587,0.030103000102400006,0.20000000298,1,0.9667787176550712,0.9667787176550712,0.9667787176550712
2024-03-15 03:55:58.020853,588,0.035585352269300013,0.0,1,0.9659279222668641,0.965927922266864,0.9659279222668641
2024-03-15 03:55:59.335917,589,0.035585352269300013,0.0,1,0.9650620350968244,0.9650620350968244,0.9650620350968245
2024-03-15 03:55:59.575703,590,0.035585352269300013,0.0,1,0.9641808023310228,0.9641808023310228,0.9641808023310229
2024-03-15 03:56:10.314804,699,0.035585352269300013,0.0250000003725,1,0.9632839663959316,0.9632839663959316,0.9632839663959317
2024-03-15 03:56:10.378311,386,0.039597017318,0.20000000298,1,0.9623712659216908,0.9623712659216908,0.9623712659216909
2024-03-15 03:56:10.378317,678,0.04390389736380002,0.0500000007451,1,0.9614424357057828,0.9614424357057828,0.9614424357057828
2024-03-15 03:56:10.378318,311,0.046170520908199994,0.0250000003725,1,0.9604972066771494,0.9604972066771494,0.9604972066771494
2024-03-15 03:56:10.378319,405,0.0763540186025,0.27500000596,1,0.9595353058607904,0.9595353058607904,0.9595353058607904
2024-03-15 03:56:10.378325,311,0.0763540186025,0.0,1,0.9585564563428915,0.9585564563428915,0.9585564563428915
2024-03-15 03:56:10.378353,388,0.053434323311900005,0.0,1,0.9575603772365228,0.9575603772365228,0.9575603772365228
2024-03-15 03:56:10.378354,311,0.053434323311900005,0.0,1,0.9565467836479556,0.9565467836479556,0.9565467836479555
2024-03-15 03:56:10.378355,311,0.053434323311900005,0.0,1,0.9555153866436452,0.9555153866436452,0.9555153866436452
2024-03-15 03:56:10.378355,388,0.053434323311900005,0.0,1,0.9544658932179274,0.9544658932179274,0.9544658932179274
2024-03-15 03:56:10.378356,388,0.05093483625300002,0.0,1,0.953398006261482,0.9533980062614821,0.953398006261482
2024-03-15 03:56:10.378356,388,0.033687637904,0.0,1,0.9523114245306152,0.9523114245306152,0.9523114245306152
2024-03-15 03:56:10.378360,311,0.030103000102400006,0.0,1,0.9512058426174164,0.9512058426174164,0.9512058426174163
2024-03-15 03:56:10.378361,388,0.0318605588741,0.0,1,0.9500809509208472,0.9500809509208471,0.950080950920847
2024-03-15 03:56:10.378362,388,0.0560131798431,0.0,1,0.948936435618815,0.948936435618815,0.948936435618815
2024-03-15 03:56:10.378362,388,0.0560131798431,0.0,1,0.947771978641303,0.947771978641303,0.947771978641303
2024-03-15 03:56:10.378363,388,0.0560131798431,0.0,1,0.9465872576446078,0.9465872576446078,0.9465872576446078
2024-03-15 03:56:10.378363,388,0.0560131798431,0.0,1,0.9453819459867532,0.9453819459867532,0.9453819459867531
2024-03-15 03:56:10.378367,390,0.0560131798431,0.0,1,0.9441557127041516,0.9441557127041516,0.9441557127041516
2024-03-15 03:56:10.378367,388,0.0560131798431,0.0,1,0.9429082224895721,0.942908222489572,0.9429082224895721
2024-03-15 03:56:10.378368,391,0.0560131798431,0.0,1,0.9416391356714954,0.9416391356714954,0.9416391356714954
2024-03-15 03:56:10.378369,392,0.0560131798431,0.0,1,0.9403481081949194,0.9403481081949194,0.9403481081949194
2024-03-15 03:56:10.378369,393,0.0560131798431,0.0,1,0.9390347916036966,0.9390347916036966,0.9390347916036966
2024-03-15 03:56:10.378370,393,0.0560131798431,0.0,1,0.9376988330244784,0.9376988330244784,0.9376988330244784
2024-03-15 03:56:10.378373,393,0.0560131798431,0.0,1,0.9363398751523456,0.9363398751523456,0.9363398751523456
2024-03-15 03:56:10.378373,392,0.0560131798431,0.0,1,0.9349575562382044,0.9349575562382044,0.9349575562382044
2024-03-15 03:56:10.378374,392,0.0560131798431,0.0,1,0.9335515100780364,0.9335515100780364,0.9335515100780364
2024-03-15 03:56:10.378375,394,0.0560131798431,0.0,1,0.9321213660040808,0.9321213660040808,0.9321213660040808
2024-03-15 03:56:10.378375,397,0.0560131798431,0.0,1,0.930666748878048,0.9306667488780479,0.930666748878048
2024-03-15 03:56:10.378376,394,0.0560131798431,0.0,1,0.9291872790864432,0.9291872790864432,0.9291872790864432
2024-03-15 03:56:10.378376,700,0.0560131798431,0.0,1,0.9276825725380988,0.9276825725380988,0.9276825725380987
2024-03-15 03:56:10.378379,394,0.048513862220599994,0.0750000029802,1,0.9261522406640138,0.9261522406640138,0.9261522406640138
2024-03-15 03:56:10.378380,393,0.041713051413199996,0.0750000029802,1,0.9245958904195896,0.9245958904195896,0.9245958904195896
2024-03-15 03:56:10.378380,787,1.0,0.0750000029802,1,0.9230131242893668,0.9230131242893668,0.9230131242893669
2024-03-15 03:56:10.378381,707,0.030103000487599996,0.0750000029802,1,0.9214035402943648,0.9214035402943648,0.9214035402943648
2024-03-15 03:56:10.378381,388,0.033687638320200004,0.0500000007451,1,0.9197667320021279,0.919766732002128,0.9197667320021281
2024-03-15 03:56:10.378382,396,0.033687638320200004,0.0,1,0.9181022885395814,0.9181022885395814,0.9181022885395814
2024-03-15 03:56:10.378384,393,0.033687638320200004,0.0,1,0.9164097946088128,0.9164097946088128,0.9164097946088129
2024-03-15 03:56:10.378385,388,0.033687638320200004,0.0,1,0.914688830505882,0.914688830505882,0.9146888305058819
2024-03-15 03:56:10.378386,388,0.033687638320200004,0.0,1,0.9129389721427784,0.9129389721427784,0.9129389721427784
2024-03-15 03:56:10.378386,388,0.033687638320200004,0.0,1,0.9111597910726398,0.9111597910726398,0.9111597910726398
2024-03-15 03:56:10.378386,388,0.0318605586071,0.0,1,0.9093508545183486,0.9093508545183486,0.9093508545183486
2024-03-15 03:56:10.378387,390,0.037554792459300004,0.0,1,0.907511725404625,0.907511725404625,0.907511725404625
2024-03-15 03:56:10.378387,398,0.0439038964008,0.0,1,0.9056419623937434,0.9056419623937434,0.9056419623937434
2024-03-15 03:56:10.378390,311,0.050934835189899996,0.0,1,0.9037411199249904,0.9037411199249904,0.9037411199249904
2024-03-15 03:56:10.378391,399,0.0560131798431,0.0,1,0.9018087482579896,0.9018087482579896,0.9018087482579896
2024-03-15 03:56:10.378392,400,0.0560131798431,0.0,1,0.8998443935200292,0.8998443935200292,0.8998443935200292
2024-03-15 03:56:10.378393,401,0.0560131798431,0.0,1,0.8978475977575091,0.8978475977575091,0.897847597757509
2024-03-15 03:56:10.378393,404,0.0560131798431,0.0,1,0.8958178989916513,0.8958178989916513,0.8958178989916513
2024-03-15 03:56:10.378394,403,0.0560131798431,0.0,1,0.8937548312785967,0.8937548312785967,0.8937548312785967
2024-03-15 03:56:10.378399,404,0.0560131798431,0.0,1,0.8916579247740274,0.8916579247740274,0.8916579247740274
2024-03-15 03:56:10.378400,568,0.050934835189899996,0.0500000007451,1,0.8895267058024492,0.8895267058024492,0.8895267058024492
2024-03-15 03:56:10.378400,405,0.0485138623981,0.0250000003725,1,0.8873606969312701,0.8873606969312701,0.88736069693127
2024-03-15 03:56:10.378401,405,0.0485138623981,0.0,1,0.8851594170498174,0.8851594170498174,0.8851594170498174
2024-03-15 03:56:10.378401,406,0.0485138623981,0.0,1,0.8829223814534259,0.8829223814534259,0.8829223814534259
2024-03-15 03:56:10.378402,406,0.0485138623981,0.0,1,0.8806491019327424,0.8806491019327424,0.8806491019327424
2024-03-15 03:56:10.378405,388,0.0485138623981,0.0,1,0.8783390868683862,0.8783390868683862,0.8783390868683862
2024-03-15 03:56:10.378405,408,0.0485138623981,0.0,1,0.8759918413311077,0.8759918413311077,0.8759918413311077
2024-03-15 03:56:10.378406,409,0.0485138623981,0.0,1,0.8736068671875833,0.8736068671875833,0.8736068671875833
2024-03-15 03:56:10.378406,388,0.0485138623981,0.0,1,0.8711836632119967,0.8711836632119967,0.8711836632119967
2024-03-15 03:56:10.378407,410,0.0485138623981,0.0,1,0.8687217252035385,0.8687217252035385,0.8687217252035385
2024-03-15 03:56:10.378407,680,0.05343432221469999,0.0,1,0.866220546109976,0.866220546109976,0.866220546109976
2024-03-15 03:56:10.378411,680,0.041713051413199996,0.15000000596,1,0.8636796161574275,0.8636796161574275,0.8636796161574275
2024-03-15 03:56:10.378412,413,0.0395970162647,0.0250000003725,1,0.8610984229864856,0.8610984229864856,0.8610984229864856
2024-03-15 03:56:10.378412,681,0.030103000102400006,0.125,1,0.85847645179483,0.85847645179483,0.85847645179483
2024-03-15 03:56:10.378413,681,0.030103000102400006,0.0,1,0.8558131854864655,0.8558131854864655,0.8558131854864655
2024-03-15 03:56:10.378413,413,0.030103000102400006,0.0,1,0.8531081048277258,0.8531081048277258,0.8531081048277258
2024-03-15 03:56:10.378419,681,0.033687637904,0.0500000007451,1,0.8503606886101773,0.8503606886101773,0.8503606886101773
2024-03-15 03:56:10.378420,413,0.0375547936249,0.0500000007451,1,0.8475704138205585,0.8475704138205585,0.8475704138205585
2024-03-15 03:56:10.378421,681,0.0461705210799,0.10000000149,1,0.84473675581788,0.84473675581788,0.84473675581788
2024-03-15 03:56:10.378421,413,0.05093483625300002,0.0500000007451,1,0.8418591885178259,0.8418591885178259,0.8418591885178259
2024-03-15 03:56:10.378422,682,0.061412300115099995,0.10000000149,1,0.8389371845845669,0.8389371845845669,0.838937184584567
2024-03-15 03:56:10.378425,559,0.0461705207365,0.0,1,0.8359702156301231,0.8359702156301231,0.8359702156301231
2024-03-15 03:56:10.378426,415,0.043903897197799996,0.0,1,0.8329577524213796,0.8329577524213796,0.8329577524213796
2024-03-15 03:56:10.378427,415,0.033687637765299996,0.0,1,0.8298992650948823,0.8298992650948823,0.8298992650948823
2024-03-15 03:56:10.378427,416,0.033687637765299996,0.0,1,0.8267942233795177,0.8267942233795177,0.8267942233795177
2024-03-15 03:56:10.378428,416,0.033687637765299996,0.0,1,0.8236420968271772,0.8236420968271772,0.8236420968271772
2024-03-15 03:56:10.378431,416,0.030102999974000007,0.0,1,0.820442355051518,0.820442355051518,0.820442355051518
2024-03-15 03:56:10.378431,416,0.0336876370993,0.0,1,0.8171944679748996,0.8171944679748996,0.8171944679748996
2024-03-15 03:56:10.378432,418,0.0417130517341,0.0,1,0.8138979060835927,0.8138979060835927,0.8138979060835927
2024-03-15 03:56:10.378432,417,0.0461705200839,0.0,1,0.8105521406913403,0.8105521406913403,0.8105521406913403
2024-03-15 03:56:10.378433,419,0.0560131798431,0.0,1,0.8071566442113377,0.8071566442113377,0.8071566442113377
2024-03-15 03:56:10.378433,389,0.0560131798431,0.0,1,0.803710890436707,0.803710890436707,0.803710890436707
2024-03-15 03:56:10.378434,389,0.0560131798431,0.0,1,0.8002143548295134,0.8002143548295134,0.8002143548295134
2024-03-15 03:56:10.378437,388,0.0560131798431,0.0,1,0.7966665148183792,0.7966665148183792,0.7966665148183792
2024-03-15 03:56:10.378437,388,0.0560131798431,0.0,1,0.7930668501047325,0.7930668501047325,0.7930668501047325
2024-03-15 03:56:10.378438,388,0.0560131798431,0.0,1,0.7894148429777157,0.7894148429777157,0.7894148429777157
2024-03-15 03:56:10.378438,388,0.0560131798431,0.0,1,0.7857099786377822,0.7857099786377822,0.7857099786377822
2024-03-15 03:56:10.378439,420,0.0560131798431,0.0,1,0.7819517455289792,0.7819517455289792,0.7819517455289792
2024-03-15 03:56:10.378439,421,0.0560131798431,0.0,1,0.7781396356799211,0.7781396356799211,0.7781396356799211
2024-03-15 03:56:10.378442,422,0.0560131798431,0.0,1,0.7742731450534319,0.7742731450534319,0.7742731450534319
2024-03-15 03:56:10.378443,422,0.05767089864090001,0.0,1,0.7703517739048348,0.7703517739048348,0.7703517739048348
2024-03-15 03:56:10.378444,422,0.05767089864090001,0.0,1,0.7663750271488409,0.7663750271488409,0.7663750271488409
2024-03-15 03:56:10.378444,422,0.05767089864090001,0.0,1,0.7623424147349882,0.7623424147349882,0.7623424147349882
2024-03-15 03:56:10.378445,422,0.05767089864090001,0.0,1,0.7582534520315557,0.7582534520315557,0.7582534520315557
2024-03-15 03:56:10.378482,422,0.05767089864090001,0.0,1,0.7541076602178728,0.7541076602178728,0.7541076602178728
2024-03-15 03:56:10.378485,422,0.05767089864090001,0.0,1,0.7499045666849214,0.7499045666849214,0.7499045666849214
2024-03-15 03:56:10.378486,422,0.05767089864090001,0.0,1,0.7456437054441148,0.7456437054441148,0.7456437054441148
2024-03-15 03:56:10.378487,422,0.05767089864090001,0.0,1,0.7413246175441216,0.7413246175441216,0.7413246175441216
2024-03-15 03:56:10.378487,422,0.05767089864090001,0.0,1,0.7369468514955838,0.7369468514955838,0.7369468514955838
2024-03-15 03:56:10.378488,422,0.05767089864090001,0.0,1,0.7325099637035607,0.7325099637035607,0.7325099637035607
2024-03-15 03:56:10.378489,422,0.05767089864090001,0.0,1,0.7280135189075146,0.7280135189075146,0.7280135189075146
2024-03-15 03:56:10.378491,422,0.05767089864090001,0.0,1,0.7234570906286295,0.7234570906286295,0.7234570906286295
2024-03-15 03:56:10.378492,422,0.05767089864090001,0.0,1,0.7188402616242441,0.7188402616242441,0.7188402616242441
2024-03-15 03:56:10.378493,422,0.05767089864090001,0.0,1,0.714162624349148,0.714162624349148,0.714162624349148
2024-03-15 03:56:10.378493,422,0.05767089864090001,0.0,1,0.709423781423483,0.709423781423483,0.709423781423483
2024-03-15 03:56:10.378494,422,0.05767089864090001,0.0,1,0.7046233461069592,0.7046233461069592,0.7046233461069592
2024-03-15 03:56:10.378494,422,0.05767089864090001,0.0,1,0.6997609427790833,0.6997609427790833,0.6997609427790833
2024-03-15 03:56:10.378497,422,0.05767089864090001,0.0,1,0.6948362074250687,0.6948362074250687,0.6948362074250687
2024-03-15 03:56:10.378498,422,0.05767089864090001,0.0,1,0.6898487881270782,0.6898487881270782,0.6898487881270782
2024-03-15 03:56:10.378499,422,0.05767089864090001,0.0,1,0.6847983455604282,0.6847983455604282,0.6847983455604282
2024-03-15 03:56:10.378499,422,0.05767089864090001,0.0,1,0.6796845534943576,0.6796845534943576,0.6796845534943576
2024-03-15 03:56:10.378500,422,0.05767089864090001,0.0,1,0.6745070992969462,0.6745070992969462,0.6745070992969462
2024-03-15 03:56:10.378500,422,0.05767089864090001,0.0,1,0.6692656844437437,0.6692656844437437,0.6692656844437437
2024-03-15 03:56:10.378503,422,0.05767089864090001,0.0,1,0.6639600250296381,0.6639600250296381,0.6639600250296381
2024-03-15 03:56:10.378504,422,0.05767089864090001,0.0,1,0.6585898522834903,0.6585898522834903,0.6585898522834903
2024-03-15 03:56:10.378505,422,0.05767089864090001,0.0,1,0.653154913085013,0.653154913085013,0.653154913085013
2024-03-15 03:56:10.378505,422,0.05767089864090001,0.0,1,0.6476549704833661,0.6476549704833661,0.6476549704833661
2024-03-15 03:56:10.378506,422,0.05767089864090001,0.0,1,0.6420898042169162,0.6420898042169162,0.6420898042169162
2024-03-15 03:56:10.378506,422,0.05767089864090001,0.0,1,0.6364592112335732,0.6364592112335732,0.6364592112335732
2024-03-15 03:56:10.378509,424,0.05767089864090001,0.0,1,0.6307630062111094,0.6307630062111094,0.6307630062111094
2024-03-15 03:56:10.378510,425,0.05767089864090001,0.0,1,0.6250010220768331,0.6250010220768331,0.625001022076833
2024-03-15 03:56:10.378510,143,0.0401426410565,0.17499999702,1,0.6191731105259729,0.6191731105259729,0.6191731105259729
2024-03-15 03:56:11.607070,199,0.0401426410565,0.0,1,0.6132791425381029,0.6132791425381029,0.6132791425381029
2024-03-15 03:56:11.837492,686,0.0401426410565,0.0,1,0.6073190088909183,0.6073190088909183,0.6073190088909183
2024-03-15 03:56:11.942691,685,0.0358892800107,0.20000000298,1,0.6012926206706541,0.6012926206706541,0.6012926206706541
2024-03-15 03:56:12.042159,688,0.0358892800107,0.0,1,0.5951999097784196,0.5951999097784196,0.5951999097784196
2024-03-15 03:56:12.042320,687,0.0358892800107,0.0,1,0.5890408294316879,0.5890408294316879,0.5890408294316879
2024-03-15 03:56:12.047315,689,0.0358892800107,0.0,1,0.5828153546601877,0.5828153546601877,0.5828153546601877
2024-03-15 03:56:12.047513,689,0.037975546523599996,0.0250000003725,1,0.5765234827954014,0.5765234827954014,0.5765234827954014
2024-03-15 03:56:12.053765,689,0.0401426408591,0.0250000003725,1,0.5701652339528704,0.5701652339528704,0.5701652339528704
2024-03-15 03:56:12.057129,689,0.0423917525708,0.0250000003725,1,0.5637406515064928,0.5637406515064928,0.5637406515064928
2024-03-15 03:56:12.060438,689,0.0301029999901,0.0250000003725,1,0.5572498025539769,0.5572498025539769,0.5572498025539769
2024-03-15 03:56:12.060546,689,0.031954288857,0.0250000003725,1,0.5506927783726108,0.5506927783726108,0.5506927783726108
2024-03-15 03:56:12.060622,689,0.033882615511,0.0250000003725,1,0.5440696948644878,0.5440696948644878,0.5440696948644878
2024-03-15 03:56:12.060702,689,0.040142640563,0.0250000003725,1,0.5373806929903178,0.5373806929903178,0.5373806929903178
2024-03-15 03:56:12.060765,689,0.0379755462384,0.0250000003725,1,0.5306259391909595,0.5306259391909595,0.5306259391909595
2024-03-15 03:56:12.060835,690,0.0358892797363,0.0250000003725,1,0.5238056257957759,0.5238056257957759,0.5238056257957759
2024-03-15 03:56:12.073133,581,0.0338826148074,0.0250000003725,1,0.516919971416937,0.516919971416937,0.516919971416937
2024-03-15 03:56:12.073365,691,0.0358892797363,0.0,1,0.5099692213287683,0.5099692213287683,0.5099692213287683
2024-03-15 03:56:12.084809,690,0.0379755462384,0.0,1,0.5029536478312556,0.5029536478312556,0.5029536478312556
2024-03-15 03:56:12.084978,692,0.040142640563,0.0,1,0.4958735505968113,0.4958735505968113,0.49587355059681126
2024-03-15 03:56:12.085072,693,0.04239175226369999,0.0,1,0.4887292569994046,0.4887292569994046,0.48872925699940456
2024-03-15 03:56:12.090737,692,0.0447240346125,0.0,1,0.4815211224251765,0.4815211224251765,0.4815211224251765
2024-03-15 03:56:12.090976,693,0.0471406050946,0.0,1,0.4742495305636477,0.4742495305636477,0.4742495305636477
2024-03-15 03:56:12.091055,692,0.049642545970800006,0.0,1,0.4669148936786521,0.4669148936786521,0.46691489367865213
2024-03-15 03:56:12.091133,693,0.0522309049008,0.0,1,0.4595176528581286,0.4595176528581286,0.45951765285812857
2024-03-15 03:56:12.091277,692,0.0549066956169,0.0,1,0.4520582782419241,0.45205827824192407,0.452058278241924
2024-03-15 03:56:12.091353,693,0.05767089864090001,0.0,1,0.44453726922676906,0.44453726922676906,0.44453726922676906
2024-03-15 03:56:12.091422,692,0.05767089864090001,0.0,1,0.4369551546476136,0.4369551546476136,0.43695515464761364
2024-03-15 03:56:12.091498,693,0.05767089864090001,0.0,1,0.42931249293451823,0.42931249293451823,0.42931249293451823
2024-03-15 03:56:12.091580,692,0.05767089864090001,0.0,1,0.42160987224433377,0.42160987224433377,0.42160987224433377
2024-03-15 03:56:12.091655,693,0.05767089864090001,0.0,1,0.41384791056641496,0.41384791056641496,0.413847910566415
2024-03-15 03:56:12.091730,692,0.05767089864090001,0.0,1,0.4060272558016445,0.4060272558016445,0.40602725580164445
2024-03-15 03:56:12.091800,693,0.05767089864090001,0.0,1,0.39814858581408,0.39814858581408,0.39814858581407997
2024-03-15 03:56:12.091869,692,0.05767089864090001,0.0,1,0.390212608454561,0.390212608454561,0.390212608454561
2024-03-15 03:56:12.091932,693,0.05767089864090001,0.0,1,0.3822200615556456,0.3822200615556456,0.38222006155564564
2024-03-15 03:56:12.092001,692,0.05767089864090001,0.0,1,0.37417171289729934,0.37417171289729934,0.37417171289729934
2024-03-15 03:56:12.092077,693,0.05767089864090001,0.0,1,0.3660683601427772,0.3660683601427772,0.3660683601427772
2024-03-15 03:56:12.092158,694,0.05767089864090001,0.0,1,0.35791083074419955,0.35791083074419955,0.35791083074419955
2024-03-15 03:56:15.858892,144,0.0338826146315,0.34999999404,1,0.349699981817354,0.349699981817354,0.34969998181735396
2024-03-15 03:56:15.858941,143,0.0338826146315,0.0,1,0.3414366999853105,0.3414366999853105,0.3414366999853105
2024-03-15 03:56:15.883754,197,0.0338826146315,0.0,1,0.3331219011904828,0.3331219011904828,0.3331219011904828
2024-03-15 03:56:15.886746,341,0.0338826146315,0.0,1,0.3247565304748131,0.3247565304748131,0.32475653047481307
2024-03-15 03:56:16.120648,172,0.0338826146315,0.0,1,0.3163415617278246,0.3163415617278246,0.3163415617278246
2024-03-15 03:56:16.277824,695,0.0522309046655,0.20000000298,1,0.30787799740232313,0.30787799740232313,0.30787799740232313
2024-03-15 03:56:16.278211,172,0.0761636944896,0.20000000298,1,0.29936686819759945,0.29936686819759945,0.29936686819759945
2024-03-15 03:56:16.291523,695,0.09416189411260001,0.125,1,0.2908092327100316,0.2908092327100316,0.2908092327100316
2024-03-15 03:56:16.291721,172,0.114605951064,0.125,1,0.28220617705105505,0.28220617705105505,0.28220617705105505
2024-03-15 03:56:16.301820,695,0.114605951064,0.0,1,0.2735588144325172,0.2735588144325172,0.27355881443251717
2024-03-15 03:56:16.301975,172,0.07957161327880001,0.125,1,0.2648682847195056,0.2648682847195056,0.2648682847195056
2024-03-15 03:56:16.315004,695,0.07957161327880001,0.0,1,0.25613575395079663,0.25613575395079663,0.25613575395079663
2024-03-15 03:56:16.315169,172,0.0980525223518,0.125,1,0.2473624138271345,0.2473624138271345,0.24736241382713453
2024-03-15 03:56:16.324404,695,0.0980525223518,0.0,1,0.2385494811676125,0.2385494811676125,0.2385494811676125
2024-03-15 03:56:16.899827,199,0.118994887513,0.125,1,0.229698197334503,0.229698197334503,0.229698197334503
2024-03-15 03:56:16.902844,143,0.086673633639,0.0,1,0.22080982762693413,0.22080982762693413,0.22080982762693413
2024-03-15 03:56:23.902926,144,0.060524461993199996,0.0,1,0.2118856606438845,0.2118856606438845,0.2118856606438845
2024-03-15 03:56:23.902957,143,0.04714060524119999,0.0,1,0.20292700761703136,0.20292700761703136,0.20292700761703136
2024-03-15 03:56:23.927666,197,0.0358892800107,0.0,1,0.1939352017140504,0.1939352017140504,0.1939352017140504
2024-03-15 03:56:23.934188,200,0.0358892800107,0.0,1,0.18491159731302712,0.18491159731302712,0.18491159731302712
2024-03-15 03:56:23.934699,172,0.0338826151006,0.0,1,0.1758575692487124,0.1758575692487124,0.1758575692487124
2024-03-15 03:56:23.937288,341,0.0358892800107,0.125,1,0.16677451203140484,0.16677451203140484,0.16677451203140486
2024-03-15 03:56:23.937448,199,0.0338826151006,0.0,1,0.15766383903931333,0.15766383903931333,0.15766383903931333
2024-03-15 03:56:32.010874,144,0.0338826151006,0.0,1,0.14852698168530892,0.14852698168530892,0.14852698168530892
2024-03-15 03:56:32.010912,143,0.0447240347894,0.0,1,0.1393653885590377,0.1393653885590377,0.1393653885590377
2024-03-15 03:56:32.027770,197,0.0447240347894,0.0,1,0.13018052454541473,0.13018052454541473,0.13018052454541473
2024-03-15 03:56:32.028434,172,0.0447240347894,0.0,1,0.12097386992058362,0.12097386992058362,0.12097386992058362
2024-03-15 03:56:32.030016,341,0.0447240347894,0.0,1,0.11174691942647692,0.11174691942647692,0.11174691942647692
2024-03-15 03:56:32.038089,695,0.0447240347894,0.0,1,0.10250118132515533,0.10250118132515533,0.10250118132515532
2024-03-15 03:56:32.038479,172,0.0338826151006,0.125,1,0.09323817643416142,0.09323817643416142,0.09323817643416142
2024-03-15 03:56:32.046435,695,0.0319542887162,0.0750000029802,1,0.08395943714416647,0.08395943714416647,0.08395943714416647
2024-03-15 03:56:32.046598,172,0.0382927563503,0.0,1,0.07466650642022604,0.07466650642022604,0.07466650642022604
2024-03-15 03:56:32.055982,695,0.05602669237769999,0.375,1,0.06536093678800654,0.06536093678800654,0.06536093678800654
2024-03-15 03:56:32.056093,172,0.05602669237769999,0.0,1,0.05604428930637863,0.05604428930637863,0.05604428930637863
2024-03-15 03:56:32.065106,695,0.110177488454,0.375,1,0.04671813252780545,0.04671813252780545,0.04671813252780545
2024-03-15 03:56:32.065246,172,0.110177488454,0.0,1,0.037384041447985,0.037384041447985,0.037384041447985
2024-03-15 03:56:32.072573,695,0.188490559651,0.375,1,0.028043596446232645,0.028043596446232645,0.028043596446232645
2024-03-15 03:56:38.220395,696,0.188490559651,0.0,1,0.018698382218111525,0.018698382218111525,0.018698382218111525
2025-01-01 12:12:12.000000,0,1.0,1.0,1,0.009349986701836841,0.009349986701836841,0.00934998670183684
