timestamp,value,anomaly_score,label
2024-03-14 02:01:07.416136,226,0.0,0.0
2024-03-14 02:01:07.421037,177,1.0,0.0
2024-03-14 02:01:07.423159,645,0.0,0.0
2024-03-14 02:01:07.423767,228,0.0,0.0
2024-03-14 02:01:07.447923,229,0.0,0.0
2024-03-14 02:01:07.448258,178,0.0,0.0
2024-03-14 02:01:07.448371,230,0.0,0.0
2024-03-14 02:01:07.448449,179,1.0,0.0
2024-03-14 02:01:07.448519,179,1.0,0.0
2024-03-14 02:01:07.448637,181,0.0,0.0
2024-03-14 02:01:07.512848,313,0.0,0.0
2024-03-14 02:01:07.512867,314,0.0,0.0
2024-03-14 02:01:07.512869,314,0.0,0.0
2024-03-14 02:01:07.561960,654,1.0,0.0
2024-03-14 02:01:07.690585,130,0.0,0.0
2024-03-14 02:01:07.722970,655,0.0,0.0
2024-03-14 02:01:07.885169,655,0.0,0.0
2024-03-14 02:01:07.903037,656,0.0,0.0
2024-03-14 02:01:10.294853,657,1.0,0.0
2024-03-14 02:01:10.295204,657,1.0,0.0
2024-03-14 02:01:10.295359,657,1.0,0.0
2024-03-14 02:01:10.295501,657,1.0,0.0
2024-03-14 02:01:10.295646,657,1.0,0.0
2024-03-14 02:01:10.295788,657,1.0,0.0
2024-03-14 02:01:10.296046,657,1.0,0.0
2024-03-14 02:01:11.231480,658,0.0,0.0
2024-03-14 02:01:12.564905,660,1.0,0.0
2024-03-14 02:01:12.872865,676,0.0,0.0
2024-03-14 02:01:14.528314,659,0.0,0.0
2024-03-14 02:01:14.603766,185,1.0,0.0
2024-03-14 02:01:14.603984,185,1.0,0.0
2024-03-14 02:01:14.815214,186,1.0,0.0
2024-03-14 02:01:14.840853,660,1.0,0.0
2024-03-14 02:01:14.846173,661,0.0,0.0
2024-03-14 02:01:14.873629,187,0.0,0.0
2024-03-14 02:01:14.938005,323,0.0,0.0
2024-03-14 02:01:14.976687,215,0.0,0.0
2024-03-14 02:01:14.978574,131,0.0,0.0
2024-03-14 02:01:14.979142,259,0.0,0.0
2024-03-14 02:01:14.988957,206,0.0,0.0
2024-03-14 02:01:15.094851,132,0.0,0.0
2024-03-14 02:01:15.094991,207,0.0,0.0
2024-03-14 02:01:15.164123,260,1.0,0.0
2024-03-14 02:01:15.166333,662,0.0,0.0
2024-03-14 02:01:15.166466,265,0.0,0.0
2024-03-14 02:01:15.373598,297,0.0,0.0
2024-03-14 02:01:15.373763,298,0.0,0.0
2024-03-14 02:01:15.378263,299,0.0,0.0
2024-03-14 02:01:15.487715,300,0.0,0.0
2024-03-14 02:01:15.495276,301,0.0,0.0
2024-03-14 02:01:15.496654,302,0.0,0.0
2024-03-14 02:01:15.497377,661,0.0,0.0
2024-03-14 02:01:15.497813,663,0.0,0.0
2024-03-14 02:01:15.498061,664,0.0,0.0
2024-03-14 02:01:15.590788,665,1.0,0.0
2024-03-14 02:01:15.707863,666,0.0,0.0
2024-03-14 02:01:15.708329,261,1.0,0.0
2024-03-14 02:01:15.708618,245,0.0,0.0
2024-03-14 02:01:15.708876,245,0.0,0.0
2024-03-14 02:01:15.711241,667,0.0,0.0
2024-03-14 02:01:15.713453,668,0.0,0.0
2024-03-14 02:01:15.720902,661,0.0,0.0
2024-03-14 02:01:15.721336,669,0.0,0.0
2024-03-14 02:01:16.145542,665,1.0,0.0
2024-03-14 02:01:16.232893,670,1.0,0.0
2024-03-14 02:01:16.234029,671,1.0,0.0
2024-03-14 02:01:16.299398,672,1.0,0.0
2024-03-14 02:01:16.300018,245,0.0,0.0
2024-03-14 02:01:16.300135,673,1.0,0.0
2024-03-14 02:01:22.880492,677,0.0,0.0
2024-03-14 02:01:45.127469,661,0.0,0.0
2024-03-14 02:02:23.028591,172,1.0,0.0
2024-03-14 02:02:23.047744,197,0.0,0.0
2024-03-14 02:02:23.053899,203,0.0,0.0
2024-03-14 02:02:33.034821,341,1.0,0.0
2024-03-14 02:03:31.077766,172,1.0,0.0
2024-03-14 02:03:31.079172,197,0.0,0.0
2024-03-14 02:03:31.079760,203,0.0,0.0
2024-03-14 02:03:41.084457,341,1.0,0.0
2024-03-14 02:04:17.604047,674,0.0,0.0
2024-03-14 02:04:17.882278,661,0.0,0.0
2024-03-14 02:04:17.883048,675,0.0,0.0
2024-03-14 02:05:06.176736,384,1.0,0.0
2024-03-14 02:05:06.177198,463,1.0,0.0
2024-03-14 02:05:06.749801,587,0.0,0.0
2024-03-14 02:05:16.785019,588,0.0,0.0
2024-03-14 02:05:16.785792,589,0.0,0.0
2024-03-14 02:05:16.785957,590,0.0,0.0
2024-03-14 02:06:11.091340,384,1.0,0.0
2024-03-14 02:06:11.091840,463,1.0,0.0
2024-03-14 02:06:11.600799,587,0.0,0.0
2024-03-14 02:06:21.620568,588,0.0,0.0
2024-03-14 02:06:21.632294,589,0.0,0.0
2024-03-14 02:06:21.632475,590,0.0,0.0
2024-03-14 02:07:04.863223,384,1.0,0.0
2024-03-14 02:07:04.863599,463,1.0,0.0
2024-03-14 02:07:05.383897,587,0.0,0.0
2024-03-14 02:07:15.402073,588,0.0,0.0
2024-03-14 02:07:15.402700,589,0.0,0.0
2024-03-14 02:07:15.402817,590,0.0,0.0
2024-03-14 02:08:04.642748,89,0.0,0.0
2024-03-14 02:08:04.642758,440,0.0,0.0
2024-03-14 02:08:04.642768,439,0.0,0.0
2024-03-14 02:08:04.642778,195,0.0,0.0
2024-03-14 02:08:04.642788,438,0.0,0.0
2024-03-14 02:08:04.642798,431,1.0,0.0
2024-03-14 02:08:04.642808,432,0.0,0.0
2024-03-14 02:08:04.642818,433,0.0,0.0
2024-03-14 02:08:04.642828,434,0.0,0.0
2024-03-14 02:08:04.642838,435,0.0,0.0
2024-03-14 02:08:04.642848,435,0.0,0.0
2024-03-14 02:08:04.642858,436,0.0,0.0
2024-03-14 02:08:04.642868,256,1.0,0.0
2024-03-14 02:08:04.642878,437,0.0,0.0
2024-03-14 02:08:04.642888,272,0.0,0.0
2024-03-14 02:08:04.642898,442,0.0,0.0
2024-03-14 02:08:04.642908,435,0.0,0.0
2024-03-14 02:08:04.642918,245,0.0,0.0
2024-03-14 02:08:04.642928,443,0.0,0.0
2024-03-14 02:08:04.642938,444,1.0,0.0
2024-03-14 02:08:04.642948,445,0.0,0.0
2024-03-14 02:08:04.642958,257,0.0,0.0
2024-03-14 02:08:04.642968,273,0.0,0.0
2024-03-14 02:08:04.642978,196,0.0,0.0
2024-03-14 02:08:04.642988,274,0.0,0.0
2024-03-14 02:08:04.642998,212,1.0,0.0
2024-03-14 02:08:04.643008,456,0.0,0.0
2024-03-14 02:08:04.643018,257,0.0,0.0
2024-03-14 02:08:04.643028,257,0.0,0.0
2024-03-14 02:08:04.643038,457,1.0,0.0
2024-03-14 02:08:04.643048,458,1.0,0.0
2024-03-14 02:08:04.643058,450,0.0,0.0
2024-03-14 02:08:04.643068,455,0.0,0.0
2024-03-14 02:08:04.643078,257,0.0,0.0
2024-03-14 02:08:04.643088,257,0.0,0.0
2024-03-14 02:08:04.643098,352,0.0,0.0
2024-03-14 02:08:04.643108,443,0.0,0.0
2024-03-14 02:08:04.643118,448,0.0,0.0
2024-03-14 02:08:04.643128,257,0.0,0.0
2024-03-14 02:08:04.643138,449,0.0,0.0
2024-03-14 02:08:04.643148,257,0.0,0.0
2024-03-14 02:08:04.643158,257,0.0,0.0
2024-03-14 02:08:04.643168,454,0.0,0.0
2024-03-14 02:08:04.643178,257,0.0,0.0
2024-03-14 02:08:04.643188,353,0.0,0.0
2024-03-14 02:08:04.643198,257,0.0,0.0
2024-03-14 02:08:04.643208,353,0.0,0.0
2024-03-14 02:08:04.643218,266,0.0,0.0
2024-03-14 02:08:04.643228,446,0.0,0.0
2024-03-14 02:08:04.643238,435,0.0,0.0
2024-03-14 02:08:04.643248,452,0.0,0.0
2024-03-14 02:08:04.643258,257,0.0,0.0
2024-03-14 02:08:04.643268,451,0.0,0.0
2024-03-14 02:08:04.643278,353,0.0,0.0
2024-03-14 02:08:04.643288,447,0.0,0.0
2024-03-14 02:08:04.643298,445,0.0,0.0
2024-03-14 02:08:04.643308,212,1.0,0.0
2024-03-14 02:08:04.643318,195,0.0,0.0
2024-03-14 02:08:04.643328,444,1.0,0.0
2024-03-14 02:08:04.643338,189,0.0,0.0
2024-03-14 02:08:04.643348,443,0.0,0.0
2024-03-14 02:08:04.643358,435,0.0,0.0
2024-03-14 02:08:04.643368,435,0.0,0.0
2024-03-14 02:08:04.643378,435,0.0,0.0
2024-03-14 02:08:04.643388,245,0.0,0.0
2024-03-14 02:08:04.643398,437,0.0,0.0
2024-03-14 02:08:04.643408,439,0.0,0.0
2024-03-14 02:08:04.643418,434,0.0,0.0
2024-03-14 02:08:04.643428,433,0.0,0.0
2024-03-14 02:08:04.643438,432,0.0,0.0
2024-03-14 02:08:04.643448,431,1.0,0.0
2024-03-14 02:08:04.643458,273,0.0,0.0
2024-03-14 02:08:04.643468,272,0.0,0.0
2024-03-14 02:08:04.643478,438,0.0,0.0
2024-03-14 02:08:04.643488,440,0.0,0.0
2024-03-14 02:08:04.643498,442,0.0,0.0
2024-03-14 02:08:04.643508,436,0.0,0.0
2024-03-14 02:08:04.643518,256,1.0,0.0
2024-03-14 02:08:04.643528,196,0.0,0.0
2024-03-14 02:08:04.643538,257,0.0,0.0
2024-03-14 02:08:04.643548,274,0.0,0.0
2024-03-14 02:08:04.643558,458,1.0,0.0
2024-03-14 02:08:04.643568,457,1.0,0.0
2024-03-14 02:08:04.643578,257,0.0,0.0
2024-03-14 02:08:04.643588,257,0.0,0.0
2024-03-14 02:08:04.643598,456,0.0,0.0
2024-03-14 02:08:04.643608,455,0.0,0.0
2024-03-14 02:08:04.643618,443,0.0,0.0
2024-03-14 02:08:04.643628,454,0.0,0.0
2024-03-14 02:08:04.643638,446,0.0,0.0
2024-03-14 02:08:04.643648,352,0.0,0.0
2024-03-14 02:08:04.643658,266,0.0,0.0
2024-03-14 02:08:04.643668,353,0.0,0.0
2024-03-14 02:08:04.643678,353,0.0,0.0
2024-03-14 02:08:04.643688,353,0.0,0.0
2024-03-14 02:08:04.643698,257,0.0,0.0
2024-03-14 02:08:04.643708,257,0.0,0.0
2024-03-14 02:08:04.643718,257,0.0,0.0
2024-03-14 02:08:04.643728,448,0.0,0.0
2024-03-14 02:08:04.643738,449,0.0,0.0
2024-03-14 02:08:04.643748,257,0.0,0.0
2024-03-14 02:08:04.643758,450,0.0,0.0
2024-03-14 02:08:04.643768,257,0.0,0.0
2024-03-14 02:08:04.643778,451,0.0,0.0
2024-03-14 02:08:04.643788,257,0.0,0.0
2024-03-14 02:08:04.643798,452,0.0,0.0
2024-03-14 02:08:04.643808,435,0.0,0.0
2024-03-14 02:08:04.643818,257,0.0,0.0
2024-03-14 02:08:04.643828,257,0.0,0.0
2024-03-14 02:08:04.643838,447,0.0,0.0
2024-03-14 02:08:04.643848,192,0.0,0.0
2024-03-14 02:08:04.643858,287,0.0,0.0
2024-03-14 02:08:04.643868,193,0.0,0.0
2024-03-14 02:08:04.643878,192,0.0,0.0
2024-03-14 02:08:04.643888,193,0.0,0.0
2024-03-14 02:08:04.643898,287,0.0,0.0
2024-03-14 02:08:04.643908,445,0.0,0.0
2024-03-14 02:08:04.643918,440,0.0,0.0
2024-03-14 02:08:04.643928,257,0.0,0.0
2024-03-14 02:08:04.643938,212,1.0,0.0
2024-03-14 02:08:04.643948,444,1.0,0.0
2024-03-14 02:08:04.643958,443,0.0,0.0
2024-03-14 02:08:04.643968,245,0.0,0.0
2024-03-14 02:08:04.643978,272,0.0,0.0
2024-03-14 02:08:04.643988,435,0.0,0.0
2024-03-14 02:08:04.643998,432,0.0,0.0
2024-03-14 02:08:04.644008,433,0.0,0.0
2024-03-14 02:08:04.644018,434,0.0,0.0
2024-03-14 02:08:04.644028,435,0.0,0.0
2024-03-14 02:08:04.644038,435,0.0,0.0
2024-03-14 02:08:04.644048,436,0.0,0.0
2024-03-14 02:08:04.644058,256,1.0,0.0
2024-03-14 02:08:04.644068,437,0.0,0.0
2024-03-14 02:08:04.644078,438,0.0,0.0
2024-03-14 02:08:04.644088,439,0.0,0.0
2024-03-14 02:08:04.644098,431,1.0,0.0
2024-03-14 02:08:04.644108,273,0.0,0.0
2024-03-14 02:08:04.644118,189,0.0,0.0
2024-03-14 02:08:04.644128,442,0.0,0.0
2024-03-14 02:08:04.644138,274,0.0,0.0
2024-03-14 02:08:04.644148,196,0.0,0.0
2024-03-14 02:08:04.644158,195,0.0,0.0
2024-03-14 02:08:04.644168,458,1.0,0.0
2024-03-14 02:08:04.644178,457,1.0,0.0
2024-03-14 02:08:04.644188,257,0.0,0.0
2024-03-14 02:08:04.644198,456,0.0,0.0
2024-03-14 02:08:04.644208,455,0.0,0.0
2024-03-14 02:08:04.644218,257,0.0,0.0
2024-03-14 02:08:04.644228,443,0.0,0.0
2024-03-14 02:08:04.644238,454,0.0,0.0
2024-03-14 02:08:04.644248,257,0.0,0.0
2024-03-14 02:08:04.644250,197,0.0,0.0
2024-03-14 02:08:04.644258,435,0.0,0.0
2024-03-14 02:08:04.644268,452,0.0,0.0
2024-03-14 02:08:04.644278,257,0.0,0.0
2024-03-14 02:08:04.644288,257,0.0,0.0
2024-03-14 02:08:04.644298,450,0.0,0.0
2024-03-14 02:08:04.644308,446,0.0,0.0
2024-03-14 02:08:04.644318,352,0.0,0.0
2024-03-14 02:08:04.644328,266,0.0,0.0
2024-03-14 02:08:04.644338,353,0.0,0.0
2024-03-14 02:08:04.644348,353,0.0,0.0
2024-03-14 02:08:04.644358,257,0.0,0.0
2024-03-14 02:08:04.644368,353,0.0,0.0
2024-03-14 02:08:04.644378,449,0.0,0.0
2024-03-14 02:08:04.644388,257,0.0,0.0
2024-03-14 02:08:04.644398,448,0.0,0.0
2024-03-14 02:08:04.644408,257,0.0,0.0
2024-03-14 02:08:04.644418,447,0.0,0.0
2024-03-14 02:08:04.644428,451,0.0,0.0
2024-03-14 02:08:04.644438,257,0.0,0.0
2024-03-14 02:08:04.644448,257,0.0,0.0
2024-03-14 02:08:04.644458,144,0.0,0.0
2024-03-14 02:08:04.644468,145,0.0,0.0
2024-03-14 02:08:04.644478,143,0.0,0.0
2024-03-14 02:08:04.644488,200,0.0,0.0
2024-03-14 02:08:04.644498,197,0.0,0.0
2024-03-14 02:08:04.644508,143,0.0,0.0
2024-03-14 02:08:04.644518,143,0.0,0.0
2024-03-14 02:08:04.644528,143,0.0,0.0
2024-03-14 02:08:04.644538,200,0.0,0.0
2024-03-14 02:08:04.644548,192,0.0,0.0
2024-03-14 02:08:04.644558,193,0.0,0.0
2024-03-14 02:08:04.644568,287,0.0,0.0
2024-03-14 02:08:04.644578,189,0.0,0.0
2024-03-14 02:08:04.644588,431,1.0,0.0
2024-03-14 02:08:04.644598,432,0.0,0.0
2024-03-14 02:08:04.644608,433,0.0,0.0
2024-03-14 02:08:04.644618,435,0.0,0.0
2024-03-14 02:08:04.644628,434,0.0,0.0
2024-03-14 02:08:04.644638,435,0.0,0.0
2024-03-14 02:08:04.644648,436,0.0,0.0
2024-03-14 02:08:04.644658,195,0.0,0.0
2024-03-14 02:08:04.644668,437,0.0,0.0
2024-03-14 02:08:04.644678,438,0.0,0.0
2024-03-14 02:08:04.644688,439,0.0,0.0
2024-03-14 02:08:04.644698,440,0.0,0.0
2024-03-14 02:08:04.644708,196,0.0,0.0
2024-03-14 02:08:04.644718,274,0.0,0.0
2024-03-14 02:08:04.644728,212,1.0,0.0
2024-03-14 02:08:04.644738,445,0.0,0.0
2024-03-14 02:08:04.644748,444,1.0,0.0
2024-03-14 02:08:04.644758,443,0.0,0.0
2024-03-14 02:08:04.644768,245,0.0,0.0
2024-03-14 02:08:04.644778,256,1.0,0.0
2024-03-14 02:08:04.644788,257,0.0,0.0
2024-03-14 02:08:04.644798,442,0.0,0.0
2024-03-14 02:08:04.644808,435,0.0,0.0
2024-03-14 02:08:04.644818,272,0.0,0.0
2024-03-14 02:08:04.644828,273,0.0,0.0
2024-03-14 02:08:04.644838,353,0.0,0.0
2024-03-14 02:08:04.644848,353,0.0,0.0
2024-03-14 02:08:04.644858,353,0.0,0.0
2024-03-14 02:08:04.644868,257,0.0,0.0
2024-03-14 02:08:04.644874,203,0.0,0.0
2024-03-14 02:08:04.644878,447,0.0,0.0
2024-03-14 02:08:04.644888,257,0.0,0.0
2024-03-14 02:08:04.644898,448,0.0,0.0
2024-03-14 02:08:04.644908,257,0.0,0.0
2024-03-14 02:08:04.644918,458,1.0,0.0
2024-03-14 02:08:04.644928,457,1.0,0.0
2024-03-14 02:08:04.644938,257,0.0,0.0
2024-03-14 02:08:04.644948,454,0.0,0.0
2024-03-14 02:08:04.644958,449,0.0,0.0
2024-03-14 02:08:04.644968,257,0.0,0.0
2024-03-14 02:08:04.644978,450,0.0,0.0
2024-03-14 02:08:04.644988,257,0.0,0.0
2024-03-14 02:08:04.644998,451,0.0,0.0
2024-03-14 02:08:04.645008,257,0.0,0.0
2024-03-14 02:08:04.645018,452,0.0,0.0
2024-03-14 02:08:04.645028,266,0.0,0.0
2024-03-14 02:08:04.645038,352,0.0,0.0
2024-03-14 02:08:04.645048,446,0.0,0.0
2024-03-14 02:08:04.645058,435,0.0,0.0
2024-03-14 02:08:04.645068,257,0.0,0.0
2024-03-14 02:08:04.645078,455,0.0,0.0
2024-03-14 02:08:04.645088,257,0.0,0.0
2024-03-14 02:08:04.645098,443,0.0,0.0
2024-03-14 02:08:04.645108,257,0.0,0.0
2024-03-14 02:08:04.645118,456,0.0,0.0
2024-03-14 02:08:04.645128,212,1.0,0.0
2024-03-14 02:08:04.645138,443,0.0,0.0
2024-03-14 02:08:04.645148,245,0.0,0.0
2024-03-14 02:08:04.645158,435,0.0,0.0
2024-03-14 02:08:04.645168,442,0.0,0.0
2024-03-14 02:08:04.645178,440,0.0,0.0
2024-03-14 02:08:04.645188,439,0.0,0.0
2024-03-14 02:08:04.645198,438,0.0,0.0
2024-03-14 02:08:04.645208,437,0.0,0.0
2024-03-14 02:08:04.645218,256,1.0,0.0
2024-03-14 02:08:04.645228,436,0.0,0.0
2024-03-14 02:08:04.645238,435,0.0,0.0
2024-03-14 02:08:04.645248,435,0.0,0.0
2024-03-14 02:08:04.645258,431,1.0,0.0
2024-03-14 02:08:04.645268,432,0.0,0.0
2024-03-14 02:08:04.645278,433,0.0,0.0
2024-03-14 02:08:04.645288,189,0.0,0.0
2024-03-14 02:08:04.645298,445,0.0,0.0
2024-03-14 02:08:04.645308,195,0.0,0.0
2024-03-14 02:08:04.645318,444,1.0,0.0
2024-03-14 02:08:04.645328,434,0.0,0.0
2024-03-14 02:08:04.645338,274,0.0,0.0
2024-03-14 02:08:04.645348,196,0.0,0.0
2024-03-14 02:08:04.645358,272,0.0,0.0
2024-03-14 02:08:04.645368,273,0.0,0.0
2024-03-14 02:08:04.645378,257,0.0,0.0
2024-03-14 02:08:04.645388,257,0.0,0.0
2024-03-14 02:08:04.645398,446,0.0,0.0
2024-03-14 02:08:04.645408,352,0.0,0.0
2024-03-14 02:08:04.645418,266,0.0,0.0
2024-03-14 02:08:04.645428,353,0.0,0.0
2024-03-14 02:08:04.645438,257,0.0,0.0
2024-03-14 02:08:04.645448,447,0.0,0.0
2024-03-14 02:08:04.645458,257,0.0,0.0
2024-03-14 02:08:04.645468,448,0.0,0.0
2024-03-14 02:08:04.645478,353,0.0,0.0
2024-03-14 02:08:04.645488,353,0.0,0.0
2024-03-14 02:08:04.645498,450,0.0,0.0
2024-03-14 02:08:04.645508,257,0.0,0.0
2024-03-14 02:08:04.645518,456,0.0,0.0
2024-03-14 02:08:04.645528,443,0.0,0.0
2024-03-14 02:08:04.645538,257,0.0,0.0
2024-03-14 02:08:04.645548,457,1.0,0.0
2024-03-14 02:08:04.645558,458,1.0,0.0
2024-03-14 02:08:04.645568,454,0.0,0.0
2024-03-14 02:08:04.645578,455,0.0,0.0
2024-03-14 02:08:04.645588,257,0.0,0.0
2024-03-14 02:08:04.645598,452,0.0,0.0
2024-03-14 02:08:04.645608,257,0.0,0.0
2024-03-14 02:08:04.645618,451,0.0,0.0
2024-03-14 02:08:04.645628,449,0.0,0.0
2024-03-14 02:08:04.645638,257,0.0,0.0
2024-03-14 02:08:04.645648,257,0.0,0.0
2024-03-14 02:08:04.645658,435,0.0,0.0
2024-03-14 02:08:04.645668,257,0.0,0.0
2024-03-14 02:08:04.645678,256,1.0,0.0
2024-03-14 02:08:04.645688,431,1.0,0.0
2024-03-14 02:08:04.645698,432,0.0,0.0
2024-03-14 02:08:04.645708,433,0.0,0.0
2024-03-14 02:08:04.645718,434,0.0,0.0
2024-03-14 02:08:04.645728,435,0.0,0.0
2024-03-14 02:08:04.645738,435,0.0,0.0
2024-03-14 02:08:04.645748,437,0.0,0.0
2024-03-14 02:08:04.645758,436,0.0,0.0
2024-03-14 02:08:04.645768,438,0.0,0.0
2024-03-14 02:08:04.645778,435,0.0,0.0
2024-03-14 02:08:04.645788,195,0.0,0.0
2024-03-14 02:08:04.645798,440,0.0,0.0
2024-03-14 02:08:04.645808,442,0.0,0.0
2024-03-14 02:08:04.645818,274,0.0,0.0
2024-03-14 02:08:04.645828,245,0.0,0.0
2024-03-14 02:08:04.645838,443,0.0,0.0
2024-03-14 02:08:04.645848,444,1.0,0.0
2024-03-14 02:08:04.645858,445,0.0,0.0
2024-03-14 02:08:04.645868,212,1.0,0.0
2024-03-14 02:08:04.645878,257,0.0,0.0
2024-03-14 02:08:04.645888,196,0.0,0.0
2024-03-14 02:08:04.645898,189,0.0,0.0
2024-03-14 02:08:04.645908,272,0.0,0.0
2024-03-14 02:08:04.645918,439,0.0,0.0
2024-03-14 02:08:04.645928,273,0.0,0.0
2024-03-14 02:08:04.645938,257,0.0,0.0
2024-03-14 02:08:04.645948,448,0.0,0.0
2024-03-14 02:08:04.645958,257,0.0,0.0
2024-03-14 02:08:04.645968,449,0.0,0.0
2024-03-14 02:08:04.645978,257,0.0,0.0
2024-03-14 02:08:04.645988,450,0.0,0.0
2024-03-14 02:08:04.645998,257,0.0,0.0
2024-03-14 02:08:04.646008,257,0.0,0.0
2024-03-14 02:08:04.646018,452,0.0,0.0
2024-03-14 02:08:04.646028,435,0.0,0.0
2024-03-14 02:08:04.646038,443,0.0,0.0
2024-03-14 02:08:04.646048,454,0.0,0.0
2024-03-14 02:08:04.646058,257,0.0,0.0
2024-03-14 02:08:04.646068,257,0.0,0.0
2024-03-14 02:08:04.646078,451,0.0,0.0
2024-03-14 02:08:04.646088,447,0.0,0.0
2024-03-14 02:08:04.646098,455,0.0,0.0
2024-03-14 02:08:04.646108,353,0.0,0.0
2024-03-14 02:08:04.646118,353,0.0,0.0
2024-03-14 02:08:04.646128,353,0.0,0.0
2024-03-14 02:08:04.646138,446,0.0,0.0
2024-03-14 02:08:04.646148,352,0.0,0.0
2024-03-14 02:08:04.646158,266,0.0,0.0
2024-03-14 02:08:04.646168,257,0.0,0.0
2024-03-14 02:08:04.646178,456,0.0,0.0
2024-03-14 02:08:04.646188,257,0.0,0.0
2024-03-14 02:08:04.646198,257,0.0,0.0
2024-03-14 02:08:04.646208,458,1.0,0.0
2024-03-14 02:08:04.646218,457,1.0,0.0
2024-03-14 02:08:04.646228,192,0.0,0.0
2024-03-14 02:08:04.646238,193,0.0,0.0
2024-03-14 02:08:04.646248,287,0.0,0.0
2024-03-14 02:08:04.646258,189,0.0,0.0
2024-03-14 02:08:04.646268,272,0.0,0.0
2024-03-14 02:08:04.646278,273,0.0,0.0
2024-03-14 02:08:04.646288,195,0.0,0.0
2024-03-14 02:08:04.646298,274,0.0,0.0
2024-03-14 02:08:04.646308,257,0.0,0.0
2024-03-14 02:08:04.646318,212,1.0,0.0
2024-03-14 02:08:04.646328,445,0.0,0.0
2024-03-14 02:08:04.646338,444,1.0,0.0
2024-03-14 02:08:04.646348,443,0.0,0.0
2024-03-14 02:08:04.646358,245,0.0,0.0
2024-03-14 02:08:04.646368,435,0.0,0.0
2024-03-14 02:08:04.646378,442,0.0,0.0
2024-03-14 02:08:04.646388,439,0.0,0.0
2024-03-14 02:08:04.646398,438,0.0,0.0
2024-03-14 02:08:04.646408,440,0.0,0.0
2024-03-14 02:08:04.646418,256,1.0,0.0
2024-03-14 02:08:04.646428,436,0.0,0.0
2024-03-14 02:08:04.646438,435,0.0,0.0
2024-03-14 02:08:04.646448,435,0.0,0.0
2024-03-14 02:08:04.646458,434,0.0,0.0
2024-03-14 02:08:04.646468,433,0.0,0.0
2024-03-14 02:08:04.646478,432,0.0,0.0
2024-03-14 02:08:04.646488,431,1.0,0.0
2024-03-14 02:08:04.646498,437,0.0,0.0
2024-03-14 02:08:04.646508,196,0.0,0.0
2024-03-14 02:08:04.646518,353,0.0,0.0
2024-03-14 02:08:04.646528,446,0.0,0.0
2024-03-14 02:08:04.646538,352,0.0,0.0
2024-03-14 02:08:04.646548,266,0.0,0.0
2024-03-14 02:08:04.646558,353,0.0,0.0
2024-03-14 02:08:04.646568,451,0.0,0.0
2024-03-14 02:08:04.646578,257,0.0,0.0
2024-03-14 02:08:04.646588,456,0.0,0.0
2024-03-14 02:08:04.646598,257,0.0,0.0
2024-03-14 02:08:04.646608,443,0.0,0.0
2024-03-14 02:08:04.646618,457,1.0,0.0
2024-03-14 02:08:04.646628,458,1.0,0.0
2024-03-14 02:08:04.646638,447,0.0,0.0
2024-03-14 02:08:04.646648,257,0.0,0.0
2024-03-14 02:08:04.646658,353,0.0,0.0
2024-03-14 02:08:04.646668,454,0.0,0.0
2024-03-14 02:08:04.646678,257,0.0,0.0
2024-03-14 02:08:04.646688,455,0.0,0.0
2024-03-14 02:08:04.646698,435,0.0,0.0
2024-03-14 02:08:04.646708,257,0.0,0.0
2024-03-14 02:08:04.646718,257,0.0,0.0
2024-03-14 02:08:04.646728,257,0.0,0.0
2024-03-14 02:08:04.646738,450,0.0,0.0
2024-03-14 02:08:04.646748,257,0.0,0.0
2024-03-14 02:08:04.646758,448,0.0,0.0
2024-03-14 02:08:04.646768,257,0.0,0.0
2024-03-14 02:08:04.646778,449,0.0,0.0
2024-03-14 02:08:04.646788,452,0.0,0.0
2024-03-14 02:08:04.646798,257,0.0,0.0
2024-03-14 02:08:04.646808,445,0.0,0.0
2024-03-14 02:08:04.646818,212,1.0,0.0
2024-03-14 02:08:04.646828,435,0.0,0.0
2024-03-14 02:08:04.646838,431,1.0,0.0
2024-03-14 02:08:04.646848,432,0.0,0.0
2024-03-14 02:08:04.646858,433,0.0,0.0
2024-03-14 02:08:04.646868,444,1.0,0.0
2024-03-14 02:08:04.646878,245,0.0,0.0
2024-03-14 02:08:04.646888,435,0.0,0.0
2024-03-14 02:08:04.646898,442,0.0,0.0
2024-03-14 02:08:04.646908,440,0.0,0.0
2024-03-14 02:08:04.646918,434,0.0,0.0
2024-03-14 02:08:04.646928,438,0.0,0.0
2024-03-14 02:08:04.646938,437,0.0,0.0
2024-03-14 02:08:04.646948,256,1.0,0.0
2024-03-14 02:08:04.646958,436,0.0,0.0
2024-03-14 02:08:04.646968,435,0.0,0.0
2024-03-14 02:08:04.646978,439,0.0,0.0
2024-03-14 02:08:04.646988,443,0.0,0.0
2024-03-14 02:08:04.646998,189,0.0,0.0
2024-03-14 02:08:04.647008,195,0.0,0.0
2024-03-14 02:08:04.647018,196,0.0,0.0
2024-03-14 02:08:04.647028,257,0.0,0.0
2024-03-14 02:08:04.647038,273,0.0,0.0
2024-03-14 02:08:04.647048,272,0.0,0.0
2024-03-14 02:08:04.647058,274,0.0,0.0
2024-03-14 02:08:04.647068,455,0.0,0.0
2024-03-14 02:08:04.647078,456,0.0,0.0
2024-03-14 02:08:04.647088,257,0.0,0.0
2024-03-14 02:08:04.647098,257,0.0,0.0
2024-03-14 02:08:04.647108,257,0.0,0.0
2024-03-14 02:08:04.647118,458,1.0,0.0
2024-03-14 02:08:04.647128,257,0.0,0.0
2024-03-14 02:08:04.647138,450,0.0,0.0
2024-03-14 02:08:04.647148,457,1.0,0.0
2024-03-14 02:08:04.647158,443,0.0,0.0
2024-03-14 02:08:04.647168,451,0.0,0.0
2024-03-14 02:08:04.647178,257,0.0,0.0
2024-03-14 02:08:04.647188,353,0.0,0.0
2024-03-14 02:08:04.647198,353,0.0,0.0
2024-03-14 02:08:04.647208,266,0.0,0.0
2024-03-14 02:08:04.647218,352,0.0,0.0
2024-03-14 02:08:04.647228,257,0.0,0.0
2024-03-14 02:08:04.647238,447,0.0,0.0
2024-03-14 02:08:04.647248,257,0.0,0.0
2024-03-14 02:08:04.647258,353,0.0,0.0
2024-03-14 02:08:04.647268,454,0.0,0.0
2024-03-14 02:08:04.647278,448,0.0,0.0
2024-03-14 02:08:04.647288,257,0.0,0.0
2024-03-14 02:08:04.647298,449,0.0,0.0
2024-03-14 02:08:04.647308,257,0.0,0.0
2024-03-14 02:08:04.647318,257,0.0,0.0
2024-03-14 02:08:04.647328,452,0.0,0.0
2024-03-14 02:08:04.647338,435,0.0,0.0
2024-03-14 02:08:04.647348,446,0.0,0.0
2024-03-14 02:08:04.647358,196,0.0,0.0
2024-03-14 02:08:04.647368,274,0.0,0.0
2024-03-14 02:08:04.647378,189,0.0,0.0
2024-03-14 02:08:04.647388,272,0.0,0.0
2024-03-14 02:08:04.647398,273,0.0,0.0
2024-03-14 02:08:04.647408,257,0.0,0.0
2024-03-14 02:08:04.647418,212,1.0,0.0
2024-03-14 02:08:04.647428,195,0.0,0.0
2024-03-14 02:08:04.647438,444,1.0,0.0
2024-03-14 02:08:04.647448,443,0.0,0.0
2024-03-14 02:08:04.647458,245,0.0,0.0
2024-03-14 02:08:04.647468,435,0.0,0.0
2024-03-14 02:08:04.647478,442,0.0,0.0
2024-03-14 02:08:04.647488,440,0.0,0.0
2024-03-14 02:08:04.647498,439,0.0,0.0
2024-03-14 02:08:04.647508,432,0.0,0.0
2024-03-14 02:08:04.647518,433,0.0,0.0
2024-03-14 02:08:04.647528,434,0.0,0.0
2024-03-14 02:08:04.647538,435,0.0,0.0
2024-03-14 02:08:04.647548,445,0.0,0.0
2024-03-14 02:08:04.647558,435,0.0,0.0
2024-03-14 02:08:04.647568,436,0.0,0.0
2024-03-14 02:08:04.647578,438,0.0,0.0
2024-03-14 02:08:04.647588,431,1.0,0.0
2024-03-14 02:08:04.647598,437,0.0,0.0
2024-03-14 02:08:04.647608,256,1.0,0.0
2024-03-14 02:08:04.647618,435,0.0,0.0
2024-03-14 02:08:04.647628,257,0.0,0.0
2024-03-14 02:08:04.647638,450,0.0,0.0
2024-03-14 02:08:04.647648,451,0.0,0.0
2024-03-14 02:08:04.647658,257,0.0,0.0
2024-03-14 02:08:04.647668,449,0.0,0.0
2024-03-14 02:08:04.647678,257,0.0,0.0
2024-03-14 02:08:04.647688,257,0.0,0.0
2024-03-14 02:08:04.647698,448,0.0,0.0
2024-03-14 02:08:04.647708,257,0.0,0.0
2024-03-14 02:08:04.647718,447,0.0,0.0
2024-03-14 02:08:04.647728,257,0.0,0.0
2024-03-14 02:08:04.647738,353,0.0,0.0
2024-03-14 02:08:04.647748,353,0.0,0.0
2024-03-14 02:08:04.647758,353,0.0,0.0
2024-03-14 02:08:04.647768,352,0.0,0.0
2024-03-14 02:08:04.647778,257,0.0,0.0
2024-03-14 02:08:04.647788,454,0.0,0.0
2024-03-14 02:08:04.647798,443,0.0,0.0
2024-03-14 02:08:04.647808,257,0.0,0.0
2024-03-14 02:08:04.647818,455,0.0,0.0
2024-03-14 02:08:04.647828,456,0.0,0.0
2024-03-14 02:08:04.647838,266,0.0,0.0
2024-03-14 02:08:04.647848,452,0.0,0.0
2024-03-14 02:08:04.647858,257,0.0,0.0
2024-03-14 02:08:04.647868,457,1.0,0.0
2024-03-14 02:08:04.647878,458,1.0,0.0
2024-03-14 02:08:04.647888,446,0.0,0.0
2024-03-14 02:08:04.647898,257,0.0,0.0
2024-03-14 02:08:04.647908,445,0.0,0.0
2024-03-14 02:08:04.647918,189,0.0,0.0
2024-03-14 02:08:04.647928,195,0.0,0.0
2024-03-14 02:08:04.647938,212,1.0,0.0
2024-03-14 02:08:04.647948,440,0.0,0.0
2024-03-14 02:08:04.647958,434,0.0,0.0
2024-03-14 02:08:04.647968,437,0.0,0.0
2024-03-14 02:08:04.647978,438,0.0,0.0
2024-03-14 02:08:04.647988,435,0.0,0.0
2024-03-14 02:08:04.647998,435,0.0,0.0
2024-03-14 02:08:04.648008,439,0.0,0.0
2024-03-14 02:08:04.648018,256,1.0,0.0
2024-03-14 02:08:04.648028,433,0.0,0.0
2024-03-14 02:08:04.648038,432,0.0,0.0
2024-03-14 02:08:04.648048,436,0.0,0.0
2024-03-14 02:08:04.648058,442,0.0,0.0
2024-03-14 02:08:04.648068,435,0.0,0.0
2024-03-14 02:08:04.648078,245,0.0,0.0
2024-03-14 02:08:04.648088,443,0.0,0.0
2024-03-14 02:08:04.648098,444,1.0,0.0
2024-03-14 02:08:04.648108,431,1.0,0.0
2024-03-14 02:08:04.648118,274,0.0,0.0
2024-03-14 02:08:04.648128,273,0.0,0.0
2024-03-14 02:08:04.648138,272,0.0,0.0
2024-03-14 02:08:04.648148,257,0.0,0.0
2024-03-14 02:08:04.648158,196,0.0,0.0
2024-03-14 02:08:04.648158,172,1.0,0.0
2024-03-14 02:08:14.649742,341,1.0,0.0
2024-03-14 02:09:31.724906,660,1.0,0.0
2024-03-14 02:09:31.980859,676,0.0,0.0
2024-03-14 02:09:41.987314,677,0.0,0.0
2024-03-14 02:10:51.132097,384,1.0,0.0
2024-03-14 02:10:51.132519,463,1.0,0.0
2024-03-14 02:10:51.656047,587,0.0,0.0
2024-03-14 02:11:01.674457,588,0.0,0.0
2024-03-14 02:11:01.674932,589,0.0,0.0
2024-03-14 02:11:01.675114,590,0.0,0.0
2024-03-14 02:11:40.980598,384,1.0,0.0
2024-03-14 02:11:40.980974,463,1.0,0.0
2024-03-14 02:11:41.439860,587,0.0,0.0
2024-03-14 02:11:51.458010,588,0.0,0.0
2024-03-14 02:11:51.458578,589,0.0,0.0
2024-03-14 02:11:51.458718,590,0.0,0.0
2024-03-14 02:12:42.740934,660,1.0,0.0
2024-03-14 02:12:43.056890,676,0.0,0.0
2024-03-14 02:12:53.061493,677,0.0,0.0
2024-03-14 02:13:37.236902,660,1.0,0.0
2024-03-14 02:13:37.584902,676,0.0,0.0
2024-03-14 02:13:45.080431,209,1.0,0.0
2024-03-14 02:13:45.212296,661,0.0,0.0
2024-03-14 02:13:45.212940,211,1.0,0.0
2024-03-14 02:13:47.591973,677,0.0,0.0
2024-03-14 02:15:07.736366,172,1.0,0.0
2024-03-14 02:15:07.867321,203,0.0,0.0
2024-03-14 02:15:07.867851,197,0.0,0.0
2024-03-14 02:15:17.742701,341,1.0,0.0
2024-03-14 02:16:16.786039,172,1.0,0.0
2024-03-14 02:16:16.787716,203,0.0,0.0
2024-03-14 02:16:16.788260,197,0.0,0.0
2024-03-14 02:16:26.792810,341,1.0,0.0
2024-03-14 02:17:01.714554,128,0.0,0.0
2024-03-14 02:17:01.715513,129,0.0,0.0
2024-03-14 02:17:01.729144,130,0.0,0.0
2024-03-14 02:17:35.845643,384,1.0,0.0
2024-03-14 02:17:35.846071,463,1.0,0.0
2024-03-14 02:17:36.352540,587,0.0,0.0
2024-03-14 02:17:46.371364,588,0.0,0.0
2024-03-14 02:17:46.371782,589,0.0,0.0
2024-03-14 02:17:46.371975,590,0.0,0.0
2024-03-14 02:19:15.620033,384,1.0,0.0
2024-03-14 02:19:15.620412,463,1.0,0.0
2024-03-14 02:19:16.075722,587,0.0,0.0
2024-03-14 02:19:26.094136,588,0.0,0.0
2024-03-14 02:19:26.094680,589,0.0,0.0
2024-03-14 02:19:26.094799,590,0.0,0.0
2024-03-14 02:20:01.423136,384,1.0,0.0
2024-03-14 02:20:01.423597,463,1.0,0.0
2024-03-14 02:20:01.942071,587,0.0,0.0
2024-03-14 02:20:11.961413,588,0.0,0.0
2024-03-14 02:20:11.993905,589,0.0,0.0
2024-03-14 02:20:11.994068,590,0.0,0.0
2024-03-14 02:20:42.239441,384,1.0,0.0
2024-03-14 02:20:42.239789,463,1.0,0.0
2024-03-14 02:20:42.626642,587,0.0,0.0
2024-03-14 02:20:52.644481,588,0.0,0.0
2024-03-14 02:20:52.645542,589,0.0,0.0
2024-03-14 02:20:52.645687,590,0.0,0.0
2024-03-14 02:21:17.521324,172,1.0,0.0
2024-03-14 02:21:17.524901,143,0.0,0.0
2024-03-14 02:21:17.524928,143,0.0,0.0
2024-03-14 02:21:17.524931,144,0.0,0.0
2024-03-14 02:21:17.528975,203,0.0,0.0
2024-03-14 02:21:17.529322,197,0.0,0.0
2024-03-14 02:21:17.912782,198,0.0,0.0
2024-03-14 02:21:17.912906,145,0.0,0.0
2024-03-14 02:21:17.912934,143,0.0,0.0
2024-03-14 02:21:17.912937,143,0.0,0.0
2024-03-14 02:21:19.809711,198,0.0,0.0
2024-03-14 02:21:22.555772,172,1.0,0.0
2024-03-14 02:21:22.556724,203,0.0,0.0
2024-03-14 02:21:22.559806,197,0.0,0.0
2024-03-14 02:21:22.560851,143,0.0,0.0
2024-03-14 02:21:22.560864,143,0.0,0.0
2024-03-14 02:21:22.560866,144,0.0,0.0
2024-03-14 02:21:22.636173,200,0.0,0.0
2024-03-14 02:21:22.636851,145,0.0,0.0
2024-03-14 02:21:22.636860,143,0.0,0.0
2024-03-14 02:21:22.636861,143,0.0,0.0
2024-03-14 02:21:24.197698,200,0.0,0.0
2024-03-14 02:21:27.583734,172,1.0,0.0
2024-03-14 02:21:27.584861,143,0.0,0.0
2024-03-14 02:21:27.584880,143,0.0,0.0
2024-03-14 02:21:27.584883,144,0.0,0.0
2024-03-14 02:21:27.585569,203,0.0,0.0
2024-03-14 02:21:27.586551,197,0.0,0.0
2024-03-14 02:21:27.621611,201,0.0,0.0
2024-03-14 02:21:27.624879,145,0.0,0.0
2024-03-14 02:21:27.624898,143,0.0,0.0
2024-03-14 02:21:27.624900,143,0.0,0.0
2024-03-14 02:21:29.413471,201,0.0,0.0
2024-03-14 02:21:47.957706,172,1.0,1.0
2024-03-14 02:21:47.959911,203,0.0,1.0
2024-03-14 02:21:47.960320,197,0.0,1.0
2024-03-14 02:21:47.966706,560,0.0,1.0
2024-03-14 02:21:47.967706,561,1.0,1.0
2024-03-14 02:21:47.968706,562,1.0,1.0
2024-03-14 02:21:47.969706,563,1.0,1.0
2024-03-14 02:21:47.970706,311,0.0,1.0
2024-03-14 02:21:47.971706,405,1.0,1.0
2024-03-14 02:21:47.972706,405,1.0,1.0
2024-03-14 02:21:47.973706,311,0.0,1.0
2024-03-14 02:21:47.974706,564,1.0,1.0
2024-03-14 02:21:47.975706,390,1.0,1.0
2024-03-14 02:21:47.976706,564,1.0,1.0
2024-03-14 02:21:47.977706,388,1.0,1.0
2024-03-14 02:21:47.978706,565,1.0,1.0
2024-03-14 02:21:47.979706,566,1.0,1.0
2024-03-14 02:21:47.980706,388,1.0,1.0
2024-03-14 02:21:47.981706,311,0.0,1.0
2024-03-14 02:21:47.982706,388,1.0,1.0
2024-03-14 02:21:47.983706,388,1.0,1.0
2024-03-14 02:21:47.984706,398,1.0,1.0
2024-03-14 02:21:47.985706,311,0.0,1.0
2024-03-14 02:21:47.986706,567,1.0,1.0
2024-03-14 02:21:47.987706,400,1.0,1.0
2024-03-14 02:21:47.988706,401,1.0,1.0
2024-03-14 02:21:47.989706,402,1.0,1.0
2024-03-14 02:21:47.990706,403,1.0,1.0
2024-03-14 02:21:47.991706,404,1.0,1.0
2024-03-14 02:21:47.992706,568,1.0,1.0
2024-03-14 02:21:57.962802,341,1.0,1.0
2024-03-14 02:23:22.999148,384,1.0,1.0
2024-03-14 02:23:22.999453,463,1.0,1.0
2024-03-14 02:23:23.406127,587,0.0,1.0
2024-03-14 02:23:23.414127,426,1.0,1.0
2024-03-14 02:23:33.421138,588,0.0,1.0
2024-03-14 02:23:33.421578,589,0.0,1.0
2024-03-14 02:23:33.421664,590,0.0,1.0
2024-03-14 02:24:05.731774,384,1.0,1.0
2024-03-14 02:24:05.732102,463,1.0,1.0
2024-03-14 02:24:06.139169,587,0.0,1.0
2024-03-14 02:24:16.158822,588,0.0,1.0
2024-03-14 02:24:16.159260,589,0.0,1.0
2024-03-14 02:24:16.159423,590,0.0,1.0
2024-03-14 02:25:00.584191,172,1.0,1.0
2024-03-14 02:25:00.585369,197,0.0,1.0
2024-03-14 02:25:00.585774,203,0.0,1.0
2024-03-14 02:25:00.593191,560,0.0,1.0
2024-03-14 02:25:00.594191,561,1.0,1.0
2024-03-14 02:25:00.595191,562,1.0,1.0
2024-03-14 02:25:00.596191,563,1.0,1.0
2024-03-14 02:25:00.597191,311,0.0,1.0
2024-03-14 02:25:00.598191,405,1.0,1.0
2024-03-14 02:25:00.599191,405,1.0,1.0
2024-03-14 02:25:00.600191,311,0.0,1.0
2024-03-14 02:25:00.601191,564,1.0,1.0
2024-03-14 02:25:00.602191,390,1.0,1.0
2024-03-14 02:25:00.603191,564,1.0,1.0
2024-03-14 02:25:00.604191,388,1.0,1.0
2024-03-14 02:25:00.605191,565,1.0,1.0
2024-03-14 02:25:00.606191,566,1.0,1.0
2024-03-14 02:25:00.607191,388,1.0,1.0
2024-03-14 02:25:00.608191,311,0.0,1.0
2024-03-14 02:25:00.609191,388,1.0,1.0
2024-03-14 02:25:00.610191,388,1.0,1.0
2024-03-14 02:25:00.611191,398,1.0,1.0
2024-03-14 02:25:00.612191,311,0.0,1.0
2024-03-14 02:25:00.613191,567,1.0,1.0
2024-03-14 02:25:00.614191,400,1.0,1.0
2024-03-14 02:25:00.615191,401,1.0,1.0
2024-03-14 02:25:00.616191,402,1.0,1.0
2024-03-14 02:25:00.617191,403,1.0,1.0
2024-03-14 02:25:00.618191,404,1.0,1.0
2024-03-14 02:25:00.619191,568,1.0,1.0
2024-03-14 02:25:10.588655,341,1.0,1.0
2024-03-14 02:26:35.243526,203,0.0,1.0
2024-03-14 02:26:43.751091,385,1.0,1.0
2024-03-14 02:26:43.920130,386,1.0,1.0
2024-03-14 02:26:43.920139,678,1.0,1.0
2024-03-14 02:26:43.920141,311,0.0,1.0
2024-03-14 02:26:43.920141,405,1.0,1.0
2024-03-14 02:26:43.920146,311,0.0,1.0
2024-03-14 02:26:43.920147,388,1.0,1.0
2024-03-14 02:26:43.920148,311,0.0,1.0
2024-03-14 02:26:43.920149,311,0.0,1.0
2024-03-14 02:26:43.920149,388,1.0,1.0
2024-03-14 02:26:43.920150,388,1.0,1.0
2024-03-14 02:26:43.920150,388,1.0,1.0
2024-03-14 02:26:43.920153,311,0.0,1.0
2024-03-14 02:26:43.920154,311,0.0,1.0
2024-03-14 02:26:43.920155,388,1.0,1.0
2024-03-14 02:26:43.920156,388,1.0,1.0
2024-03-14 02:26:43.920157,311,0.0,1.0
2024-03-14 02:26:43.920157,397,1.0,1.0
2024-03-14 02:26:43.920161,390,1.0,1.0
2024-03-14 02:26:43.920161,311,0.0,1.0
2024-03-14 02:26:43.920162,388,1.0,1.0
2024-03-14 02:26:43.920163,311,0.0,1.0
2024-03-14 02:26:43.920163,388,1.0,1.0
2024-03-14 02:26:43.920164,388,1.0,1.0
2024-03-14 02:26:43.920167,388,1.0,1.0
2024-03-14 02:26:43.920168,391,1.0,1.0
2024-03-14 02:26:43.920169,388,1.0,1.0
2024-03-14 02:26:43.920170,564,1.0,1.0
2024-03-14 02:26:43.920170,311,0.0,1.0
2024-03-14 02:26:43.920171,782,1.0,1.0
2024-03-14 02:26:43.920172,599,1.0,1.0
2024-03-14 02:26:43.920176,401,1.0,1.0
2024-03-14 02:26:43.921255,402,1.0,1.0
2024-03-14 02:26:43.921257,403,1.0,1.0
2024-03-14 02:26:43.921258,600,1.0,1.0
2024-03-14 02:26:43.921259,568,1.0,1.0
2024-03-14 02:26:43.921259,405,1.0,1.0
2024-03-14 02:26:43.921264,405,1.0,1.0
2024-03-14 02:26:43.921265,406,1.0,1.0
2024-03-14 02:26:43.921266,406,1.0,1.0
2024-03-14 02:26:43.921266,388,1.0,1.0
2024-03-14 02:26:43.921267,408,1.0,1.0
2024-03-14 02:26:43.921267,409,0.0,1.0
2024-03-14 02:26:43.921270,388,1.0,1.0
2024-03-14 02:26:43.921271,410,0.0,1.0
2024-03-14 02:26:43.921272,680,1.0,1.0
2024-03-14 02:26:43.921273,680,1.0,1.0
2024-03-14 02:26:43.921274,681,1.0,1.0
2024-03-14 02:26:43.921277,413,1.0,1.0
2024-03-14 02:26:43.921278,681,1.0,1.0
2024-03-14 02:26:43.921278,413,1.0,1.0
2024-03-14 02:26:43.921279,681,1.0,1.0
2024-03-14 02:26:43.921280,413,1.0,1.0
2024-03-14 02:26:43.921282,681,1.0,1.0
2024-03-14 02:26:43.921284,413,1.0,1.0
2024-03-14 02:26:43.921284,682,0.0,1.0
2024-03-14 02:26:43.921285,697,1.0,1.0
2024-03-14 02:26:43.921286,415,1.0,1.0
2024-03-14 02:26:43.921289,415,1.0,1.0
2024-03-14 02:26:43.921290,416,1.0,1.0
2024-03-14 02:26:43.921291,416,1.0,1.0
2024-03-14 02:26:43.921292,416,1.0,1.0
2024-03-14 02:26:43.921292,416,1.0,1.0
2024-03-14 02:26:43.921293,418,0.0,1.0
2024-03-14 02:26:43.921293,417,1.0,1.0
2024-03-14 02:26:43.921296,419,1.0,1.0
2024-03-14 02:26:43.921297,389,1.0,1.0
2024-03-14 02:26:43.921298,389,1.0,1.0
2024-03-14 02:26:43.921298,388,1.0,1.0
2024-03-14 02:26:43.921299,388,1.0,1.0
2024-03-14 02:26:43.921300,388,1.0,1.0
2024-03-14 02:26:43.921305,388,1.0,1.0
2024-03-14 02:26:43.921306,420,0.0,1.0
2024-03-14 02:26:43.921306,421,1.0,1.0
2024-03-14 02:26:43.921307,422,1.0,1.0
2024-03-14 02:26:43.921308,422,1.0,1.0
2024-03-14 02:26:43.921308,422,1.0,1.0
2024-03-14 02:26:43.921311,422,1.0,1.0
2024-03-14 02:26:43.921312,422,1.0,1.0
2024-03-14 02:26:43.921313,422,1.0,1.0
2024-03-14 02:26:43.921313,422,1.0,1.0
2024-03-14 02:26:43.921314,422,1.0,1.0
2024-03-14 02:26:43.921314,422,1.0,1.0
2024-03-14 02:26:43.921317,422,1.0,1.0
2024-03-14 02:26:43.921318,422,1.0,1.0
2024-03-14 02:26:43.921319,422,1.0,1.0
2024-03-14 02:26:43.921319,422,1.0,1.0
2024-03-14 02:26:43.921320,422,1.0,1.0
2024-03-14 02:26:43.921321,422,1.0,1.0
2024-03-14 02:26:43.935797,422,1.0,1.0
2024-03-14 02:26:43.935814,422,1.0,1.0
2024-03-14 02:26:43.935814,422,1.0,1.0
2024-03-14 02:26:43.935815,422,1.0,1.0
2024-03-14 02:26:43.935816,422,1.0,1.0
2024-03-14 02:26:43.935817,422,1.0,1.0
2024-03-14 02:26:43.935821,422,1.0,1.0
2024-03-14 02:26:43.935821,422,1.0,1.0
2024-03-14 02:26:43.935822,422,1.0,1.0
2024-03-14 02:26:43.935823,422,1.0,1.0
2024-03-14 02:26:43.935823,422,1.0,1.0
2024-03-14 02:26:43.935824,422,1.0,1.0
2024-03-14 02:26:43.935827,422,1.0,1.0
2024-03-14 02:26:43.935828,422,1.0,1.0
2024-03-14 02:26:43.935829,422,1.0,1.0
2024-03-14 02:26:43.935829,422,1.0,1.0
2024-03-14 02:26:43.935830,422,1.0,1.0
2024-03-14 02:26:43.935830,422,1.0,1.0
2024-03-14 02:26:43.935833,424,1.0,1.0
2024-03-14 02:26:43.935834,425,1.0,1.0
2024-03-14 02:26:43.935835,143,0.0,1.0
2024-03-14 02:26:45.139572,172,1.0,1.0
2024-03-14 02:26:45.385311,197,0.0,1.0
2024-03-14 02:26:45.483637,686,0.0,1.0
2024-03-14 02:26:45.504844,199,0.0,1.0
2024-03-14 02:26:45.513649,688,0.0,1.0
2024-03-14 02:26:45.514062,685,0.0,1.0
2024-03-14 02:26:45.610398,687,1.0,1.0
2024-03-14 02:26:45.623058,689,0.0,1.0
2024-03-14 02:26:45.634001,689,0.0,1.0
2024-03-14 02:26:45.646892,689,0.0,1.0
2024-03-14 02:26:45.651402,689,0.0,1.0
2024-03-14 02:26:45.663371,689,0.0,1.0
2024-03-14 02:26:45.668652,689,0.0,1.0
2024-03-14 02:26:45.677109,689,0.0,1.0
2024-03-14 02:26:45.677229,689,0.0,1.0
2024-03-14 02:26:45.677310,689,0.0,1.0
2024-03-14 02:26:45.677385,690,1.0,1.0
2024-03-14 02:26:45.690060,581,0.0,1.0
2024-03-14 02:26:45.696449,691,0.0,1.0
2024-03-14 02:26:45.761877,690,1.0,1.0
2024-03-14 02:26:45.774508,692,0.0,1.0
2024-03-14 02:26:45.774952,693,0.0,1.0
2024-03-14 02:26:45.782829,692,0.0,1.0
2024-03-14 02:26:45.783464,693,0.0,1.0
2024-03-14 02:26:45.783544,692,0.0,1.0
2024-03-14 02:26:45.783622,693,0.0,1.0
2024-03-14 02:26:45.787491,692,0.0,1.0
2024-03-14 02:26:45.787579,693,0.0,1.0
2024-03-14 02:26:45.787734,692,0.0,1.0
2024-03-14 02:26:45.787819,693,0.0,1.0
2024-03-14 02:26:45.787888,692,0.0,1.0
2024-03-14 02:26:45.789485,693,0.0,1.0
2024-03-14 02:26:45.803252,692,0.0,1.0
2024-03-14 02:26:45.803395,693,0.0,1.0
2024-03-14 02:26:45.803479,692,0.0,1.0
2024-03-14 02:26:45.812020,693,0.0,1.0
2024-03-14 02:26:45.812203,692,0.0,1.0
2024-03-14 02:26:45.812279,693,0.0,1.0
2024-03-14 02:26:45.825218,694,0.0,1.0
2024-03-14 02:26:45.852550,341,1.0,1.0
2024-03-14 02:26:50.544902,144,0.0,1.0
2024-03-14 02:26:50.544926,143,0.0,1.0
2024-03-14 02:26:50.577613,197,0.0,1.0
2024-03-14 02:26:50.580375,341,1.0,1.0
2024-03-14 02:26:50.613028,172,1.0,1.0
2024-03-14 02:26:50.704791,695,1.0,1.0
2024-03-14 02:26:50.724239,172,1.0,1.0
2024-03-14 02:26:50.724377,695,1.0,1.0
2024-03-14 02:26:50.724426,172,1.0,1.0
2024-03-14 02:26:50.724468,695,1.0,1.0
2024-03-14 02:26:50.724521,172,1.0,1.0
2024-03-14 02:26:50.732926,695,1.0,1.0
2024-03-14 02:26:50.733062,172,1.0,1.0
2024-03-14 02:26:50.740438,695,1.0,1.0
2024-03-14 02:26:51.589555,199,0.0,1.0
2024-03-14 02:26:51.592850,143,0.0,1.0
2024-03-14 02:26:58.464872,144,0.0,1.0
2024-03-14 02:26:58.464894,143,0.0,1.0
2024-03-14 02:26:58.481474,197,0.0,1.0
2024-03-14 02:26:58.493589,200,0.0,1.0
2024-03-14 02:26:58.499647,172,1.0,1.0
2024-03-14 02:26:58.499885,341,1.0,1.0
2024-03-14 02:26:58.503525,199,0.0,1.0
2024-03-14 02:27:06.568928,144,0.0,1.0
2024-03-14 02:27:06.568962,143,0.0,1.0
2024-03-14 02:27:06.605680,197,0.0,1.0
2024-03-14 02:27:06.696187,341,1.0,1.0
2024-03-14 02:27:06.708810,172,1.0,1.0
2024-03-14 02:27:06.708964,695,1.0,1.0
2024-03-14 02:27:06.716082,172,1.0,1.0
2024-03-14 02:27:06.716146,695,1.0,1.0
2024-03-14 02:27:06.716192,172,1.0,1.0
2024-03-14 02:27:06.716245,695,1.0,1.0
2024-03-14 02:27:06.716288,172,1.0,1.0
2024-03-14 02:27:06.716330,695,1.0,1.0
2024-03-14 02:27:06.716372,172,1.0,1.0
2024-03-14 02:27:06.716413,695,1.0,1.0
2024-03-14 02:27:12.976399,696,1.0,1.0
2025-01-01 12:12:12.000000,0,1.0,1.0
